	12/31/2010	12/31/2011	11/30/2012	2012 Adopted	2012 Actual	2013 Adopted	Delegation	2013 Actual	Dept Submitted	Commissioners	Delegation	Notes	
COMMISSIONERS 100.4100.005													
													
OVERTIME 100.4100.007	381.28	758.30	408.12	800.00	408.12	500.00	500.00	483.70	500.00	500.00	500.00		
MINUTE TAKER WAGES											6,500.00		
PAYROLL EXPENSE 100.4100.008	11,967.00	12,406.73	11,862.00	12,850.00	12,850.50	13,059.00	13,059.00	13,133.50	13,059.00	13,267.00	13,267.00	Kathy 	
BUSINESS OFFICE SALARY 100.4100.009	84,199.72	86,402.99	80,345.39	87,228.00	86,655.67	87,455.00	87,455.00	88,942.17	87,455.00	92,004.00	85,504.00	2 staff & minute taker - req sep line for min taker	
COMMISSIONERS SALARY 100.4100.010	31,500.00	30,800.10	29,077.20	31,500.00	31,500.00	31,500.00	31,500.00	31,500.00	31,500.00	31,500.00	31,500.00		
SOCIAL SECURITY 100.4100.012	7,910.64	8,144.87	7,462.12	8,206.00	8,047.29	8,216.00	8,216.00	8,380.91	8,216.00	8,511.00	8,511.00		
MEDICAL INSURANCE 100.4100.013	21,280.89	26,194.23	25,417.90	26,930.00	27,029.40	26,264.00	26,264.00	26,264.00	31,711.00	31,711.00	31,711.00	?????	
RETIREMENT EXPENSE 100.4100.014	8,410.74	8,711.52	7,759.64	8,877.00	8,402.92	9,530.00	9,530.00	9,530.00	10,560.00	10,692.00	10,692.00		
WORKERS' COMPENSATION 100.4100.015	360.00	369.96	277.47	370.00	369.96	370.00	370.00	370.00	400	400	400		
UNEMPLOYMENT TAX EXPENSE 100.4100.016	121.15	430.46	457.73	1,533.00	457.73	1,540.00	1,540.00	1,540.00	1,540.00	1,540.00	1,540.00		
DENTAL INSURANCE 100.4100.017	802.32	969.77	750.85	1,344.00	810.45	1,344.00	1,344.00	1,344.00	1,344.00	1,344.00	1,344.00	Who? 	
EDUCATION & CONFERENCES 100.4100.018	3,589.70	3,153.86	1,017.74	2,000.00	1,017.74	2,000.00	2,000.00	2,000.00	2,000.00	2,000.00	2,000.00	what conferences?	
MEDICARE EXPENSE 100.4100.029	1,880.36	1,905.05	1,745.40	1,919.00	1,882.24	1,921.00	1,921.00	1,921.00	1,921.00	1,991.00	1,991.00		
OTHER FEES & SERVICES 100.4100.036	0.00	248.00	0.00	150.00	0.00	150.00	150.00	150.00	150	150	150		
OFFICE SUPPLIES 100.4100.037	2,792.15	2,774.92	2,094.31	3,000.00	2,619.93	3,000.00	3,000.00	3,000.00	3,000.00	3,000.00	3,000.00		
DUES/LICENSES/SUBSCRIPT 100.4100.038	11,496.00	11,943.00	10,838.00	11,800.00	10,838.00	11,800.00	11,800.00	10,618.00	11,800.00	11,800.00	11,800.00	What?	
POSTAGE 100.4100.051	985.97	1,434.80	1,305.62	1,500.00	1,499.57	1,500.00	1,500.00	862.00	1,500.00	1,500.00	1,500.00		
MEALS 100.4100.066	0.00	0.00	0.00	0.00	0.00	0.00	0.00	0.00	0.00	0.00	0.00		
COMPUTER EXPENSE 100.4100.067	6,348.88	6,394.12	6,624.09	7,000.00	6,999.00	7,000.00	7,000.00	7,177.87	7,300.00	7,300.00	7,300.00	What included?	
ADVERTISING 100.4100.068	0.00	409.00	0.00	100.00	60.00	100.00	100.00	0.00	100	100	100		
TELEPHONE 100.4100.069	4,522.40	3,198.23	3,399.31	3,600.00	4,080.85	3,600.00	3,600.00	5,535.17	4,000.00	4,000.00	4,000.00		
ANNUAL REPORTS 100.4100.070	711.00	892.58	982.00	1,000.00	982.00	1,000.00	1,000.00	596.34	1,000.00	1,000.00	1,000.00		
TRAVEL EXPENSE 100.4100.085	7,095.09	5,993.52	6,625.69	6,000.00	7,465.96	7,000.00	7,000.00	5,505.82	5,000.00	5,000.00	5,000.00		
OSSIPEE TOWN TAXES	5,688.00	6,649.00	3,206.00	6,000.00	6,873.00	7,000.00	7,000.00	6,759.00	7,000.00	7,000.00	7,000.00		
PHOTO COPIER EXPENSE 100.4100.093	1,157.32	1,035.97	553.87	1,000.00	1,035.39	1,000.00	1,000.00	2,811.03	2,500.00	2,500.00	2,500.00		
INSURANCE 100.4100.095	3,613.50	4,035.48	3,626.19	3,500.00	4,999.20	3,500.00	3,500.00	5,504.64	4,000.00	4,000.00	4,000.00		
GRANTS                       100.4100.096	2,100.00	0.00	0.00	1.00	0.00	1.00	1.00	0.00	1.00	1.00	1.00		
UNINCORPORATED PLACES EXP. 100.4100-097	0.00	0.00	0.00	1.00	0.00	1.00	1.00	0.00	1.00	1.00	1.00		
NEW EQUIPMENT 100.4100.048	410.78	775.00	1,072.98	1,500.00	1,499.00	1,500.00	1,500.00	1,222.49	1,000.00	1,000.00	1,000.00		
INFORMATION TECHNOLOGY-IT	0.00	3,660.19	2,888.45	3,191.00	3,134.95	3,500.00	3,500.00	3,500.00	3,500.00	3,500.00	3,500.00		
COMMISSIONERS TOTAL	219,324.89	229,691.65	209,798.07	232,900.00	231,519.93	235,351.00	235,351.00	235,008.81	242,058.00	247,312.00	247,312.00		
TREASURER 100.4101.008													
DEPTY TREASURER SALARY 100.4101.009	250.00	250.00	0.00	250.00	0.00	250.00	250.00	150.00	250.00	250.00	250.00		
SALARY 100.4101.010	4,725.00	4,725.00	4,361.52	4,725.00	4,725.00	4,725.00	4,725.00	4,725.00	4,725.00	4,725.00	4,725.00		
SOCIAL SECURITY 100.4101.012	308.52	308.52	270.48	308.00	293.02	308	308	302.32	308	308	308		
MEDICAL INSURANCE 100.4101.014	0.00	0.00	0.00	0.00	0.00	0.00	0.00	0.00	0.00	0.00	0.00		
WORKERS' COMPENSATION 100.4101.016	20.04	20.04	15.03	20.00	20.04	20.00	20.00	20.04	20.00	20.00	20.00		
DENTAL INSURANCE 100-4101.018	0.00	0.00	0.00	0.00	0.00	0.00	0.00	0.00	0.00	0.00	0.00		
MEDICARE EXPENSE 100.4101.029	72.27	72.27	63.36	72.00	68.64	72.00	72.00	70.82	72.00	72.00	72.00		
DEPUTY TREASURER 100.4101.036	0.00	0.00	0.00	0.00	0.00	0.00	0.00	0.00	0.00	0.00	0.00		
OFFICE SUPPLIES 100.4101.037	0.00	0.00	0.00	100.00	0.00	100.00	100.00	0.00	100.00	100.00	100.00		
DUES/LICENSES/SUBSCRIPT 100.4101.070	25.00	25.00	40.00	100.00	40.00	100.00	100.00	25.00	100.00	100.00	100.00		
TRAVEL EXPENSE	450.00 	464.10 	355.20 	692.00 	630.2	692.00 	692.00	610.20	692.00 	692.00 	692.00 		
TREASURER TOTAL	5,850.83	5,864.93	5,105.59	6,267.00	5,776.90	6,267.00	6,267.00	5,903.38	6,267.00	6,267.00	6,267.00		
SPECIAL FEES & SERVICES													
COUNTY AUDITORS 100.4102.003	14,798.50	13,400.00	0.00	13,400.00	13,400.00	15,000.00	15,000.00	15,000.00	15,000.00	15,000.00	15,000.00	Repts & Audit - here and NH budgets - BID!	
LEGAL FEES	5,555.75	1,125.00	18,803.08	6,000.00	18,803.08	15,000.00	15,000.00	15,000.00	15,000.00	15,000.00	15,000.00	cut?	
LIFE SAFETY								0.00	3,300.00	3,300.00	3,300.00	?????	
SPEC/SERV FEES TOTAL	21,354.25	14,525.00	18,803.08	19,400.00	32,203.08	30,000.00	30,000.00	30,000.00	33,300.00	33,300.00	33,300.00		
HUMAN RESOURCES AND SERVICES 100.4103.009													
SALARIES                                                      100.4103.010	91,343.44	92,660.17	69,023.81	93,966.00	75,412.06	95,751.00	95,751.00	89,933.05	99,543.00	99,543.00	99,543.00	 $10 G over 2013 actual	
SOCIAL SECURITY 	5,346.35	5,386.26	4,040.46	5,825.00	4,427.00	5,936.00	5,936.00	5,755.64	6,172.00	6,172.00	6,172.00		
MEDICAL INSURANCE 	13,429.72	12,937.76	1,154.16	21,829.00	24,772.54	15,820.00	15,820.00	19,344.85	20,145.00	20,145.00	20,145.00	?????	
RETIREMENT EXPENSE 	8,367.09	8,552.91	5,562.39	8,269.00	6,124.55	9,369.00	9,369.00	7,828.10	10,720.00	10,720.00	10,720.00		
WORKERS' COMPENSATION 	474.96	474.96	356.22	475.00	474.96	475.00	475.00	474.96	475.00	475.00	475.00		
UNEMPLOYMENT TAX EXPENSE 	59.20	209.60	295.58	440.00	295.58	440.00	440.00	376.80	440.00	440.00	440.00		
DENTAL INSURANCE 	190.68	190.68	95.34	576.00	111.23	384.00	384.00	190.69	192.00	192.00	192.00		
EDUCATION & CONFERENCES 	1,371.63	943.84	4,801.75	3,500.00	5,519.85	2,500.00	2,500.00	1,736.67	2,500.00	2,500.00	2,500.00	?????	
MEDICARE EXPENSE 	1,250.35	1,259.65	944.89	1,362.00	1,035.29	1,387.00	1,387.00	1,346.02	1,443.00	1,443.00	1,443.00		
OTHER FEES AND SERVICES 	0.00	385.70	2,010.78	2,000.00	2,123.28	2,000.00	2,000.00	5,625.00	6,000.00	6,000.00	6,000.00	recognition event? & some legal	
OFFICE SUPPLIES 	2,037.15	1,795.25	2,383.49	1,800.00	2,879.11	2,500.00	2,500.00	2,657.46	2,500.00	2,500.00	2,500.00		
DUES, LICENSES, SUBSCRIPTI 	15.00	15.00	50.00	100.00	50.00	600.00	600.00	365.00	600.00	600.00	600.00		
POSTAGE	370.16	204.75	45.00	300.00	90.00	250.00	250.00	321.00	300.00	300.00	300.00		
ADVERTISING 	2,167.30	1,755.65	7,012.38	4,000.00	7,012.38	5,500.00	5,500.00	5,912.66	5,000.00	5,000.00	5,000.00		
TELEPHONE 	1,342.58	1,063.33	1,340.14	2,000.00	1,595.60	2,000.00	2,000.00	2,014.73	2,700.00	2,700.00	2,700.00		
TRAVEL EXPENSE 	499.50	985.18	877.88	1,000.00	957.08	1,000.00	1,000.00	959.45	1,000.00	1,000.00	1,000.00	?????	
NEW EQUIPMENT	1,327.16	775.00	1,876.33	1,800.00	1876.33	700.00	700.00	473.00	500.00	500.00	500.00		
INFORMATION TECHNOLOGY-IT 	0.00	11,606.54	11,136.08	9,790.00	14,897.83	12,000.00	12,000.00	12,083.28	16,000.00	16,000.00	16,000.00	?????	
HUMAN RESOURCES & SERVICES TOTAL	129,592.27	141,202.23	113,006.68	159,032.00	127,354.67	158,612.00	158,612.00	157,298.42	176,230.00	176,230.00	176,230.00		
WATER WORKS                                   100.4106.009													
SALARIES 	16,160.00	16,483.00	8,241.50	16,483.00	16,483.00	16,536.00	16,536.00	16,536.00	16,536.00	16,536.00	16,536.00		
SOCIAL SECURITY 	1,002.00	1,022.00	510.97	1,022.00	1,021.94	1,025.00	1,025.00	1,025.00	1,025.00	1,025.00	1,025.00		
MEDICAL INSURANCE 	0.00	0.00	0.00	0.00	0.00	0.00	0.00	0.00	0.00	0.00	0.00		
RETIREMENT EXPENSE	1,481.00	1,510.00	725.25	1,451.00	1,450.50	1,618.00	1,618.00	1,681.00	1,780.00	1,780.00	1,780.00		
WATER WORKS													
100.4106.014													
WORKERS' COMPENSATION 100.4106.015	159.96	500.04	375.03	500.00	500.04	500.00	500.00	500.04	500.00	500.00	500.00		
UNEMPLOYMENT TAX EXPENSE 100.4106.016	0.00	112.00	109.50	219.00	219.00	220.00	220.00	220.00	220.00	220.00	220.00		
DENTAL INSURANCE 100.4106.017	0.00	0.00	0.00	0.00	0.00	0.00	0.00	0.00	0.00	0.00	0.00		
EDUCATION & CONFERENCES 100.4106.018	70.00	635.00	70.00	400.00	70.00	500.00	500.00	496.00	500.00	500.00	500.00		
MEDICARE EXPENSE 100.4106.027	235.00	239.00	119.50	239.00	239.00	240.00	240.00	240.00	240.00	240.00	240.00		
WATER TESTING 100.4106.029	3,388.45	2,369.00	401.44	2,500.00	688.44	2,500.00	2,500.00	2,139.00	2,500.00	2,500.00	2,500.00		
LEGAL FEES & OTHER SERVICE 100.4106.036	727.84	1,246.75	560.06	800.00	742.42	800.00	800.00	727.50	800.00	800.00	800.00		
OFFICE SUPPLIES	588.91	117.83	47.11	500.00	147.09	500.00	500.00	95.77	500.00	500.00	500.00		
100.4106.037													
DUES, LIC, SUBSCRIPT   100.4106.036	243.04	143.04	0.00	500.00	0.00	500.00	500.00	513.04	500.00	500.00	500.00		
POSTAGE 100.4106.052	119.45	0.00	0.00	175.00	0.00	175.00	175.00	0.00	175.00	175.00	175.00		
UNIFORM EXPENSES 100.4106.061	0.00	596.01	98.07	600.00	561.57	600.00	600.00	602.02	600.00	600.00	600.00		
ELECTRIC EXPENSE 100.4106.068	7,207.50	7,197.83	5,322.31	7,200.00	6,481.47	7,200.00	7,200.00	6,476.14	7,000.00	7,000.00	7,000.00		
TELEPHONE 100.4106.070	2,185.86	1,615.93	1,886.24	2,500.00	2,207.18	2,500.00	2,500.00	2,900.17	2,500.00	2,500.00	2,500.00		
TRAVEL EXPENSE 100.4106.072	316.80	40.80	0.00	500.00	0.00	250.00	250.00	0.00	250.00	250.00	250.00		
VEHICLE LEASE/PURCHASE 100.4106.076	3,300.00	2,500.00	2,500.00	2,500.00	2500.00	1.00	1.00	0.00	1.00	1.00	1.00		
CHEMICALS 100.4106.081	0.00	295.00	0.00	300.00	375.00	300.00	300.00	0.00	350.00	350.00	350.00		
MAINTENANCE & REPAIR 100.4106.083	1,104.82	1,514.54	2,976.52	3,500.00	3,336.51	3,500.00	3,500.00	1,242.28	3,500.00	3,500.00	3,500.00		
LABOR COSTS 100.4106.087	12,485.00	10,887.50	9,000.00	12,000.00	12,000.00	12,000.00	12,000.00	12,000.00	12,000.00	12,000.00	12,000.00		
ADDITIONAL STORAGE TANK	0.00	0.00	0.00	0.00	0.00	0.00	0.00	0.00	0.00	0.00	0.00		
INSURANCE	752.82	840.78	755.49	1,200.00	1,041.54	1,200.00	1,200.00	1,146.94	1,200.00	1,200.00	1,200.00		
NEW EQUIPMENT 100.4106.098	1,729.06	0.00	0.00	1.00	0.00	1.00	1.00	0.00	1.00	1.00	1.00		
INFORMATION TECHNOLOGY-IT	0.00	25.00	25.00	25.00	25.00	75.00	75.00	136.78	150.00	150.00	150.00		
WATER WORKS TOTAL	53,257.51	49,891.05	33,723.99	55,115.00	50,089.70	52,741.00	52,741.00		52,828.00	52,828.00	52,828.00		
ATTORNEY                                        100.4110.005													
SALARY-PART TIME                  100.4110.007	16,685.27	16,929.01	15247.11	17,330.00	17,330.00	18,500.00	18,500.00	18,500.00	18,500.00	19,332.00	19,332.00		
SALARY-PARALEGAL               100.4110.008	38,864.80	39,642.17	37168.8	40,277.00	40,266.20	42,291.00	42,291.00	42,291.08	42,291.00	43,123.00	43,123.00		
SALARY-ASSISTANT ATTORNEY                     100.4110.009	152,667.53	159,275.70	159288.7	175,488.00	173,134.84	180,000.00	180,000.00	180,196.97	180,000.00	180,000.00	180,000.00		
SALARY-ATTORNEY                      100.4110.010	70,000.00	70,000.06	64,615.44	70,000.00	70,000.00	72,100.00	72,100.00	72,100.00	72,100.00	72,100.00	72,100.00		
SOCIAL SECURITY	16,322.02	19,251.81	16402.2	18,792.00	17,798.46	20,100.00	20,100.00	18,641.28	19,399.00	19,502.00	19,502.00		
MEDICAL INSURANCE	43,374.27	44,662.38	37240.86	40,023.00	40,865.31	56,776.00	56,776.00	56,770.22	61,697.00	61,697.00	61,697.00		
RETIREMENT EXPENSE	25,364.20	26,389.83	23928.31	26,672.00	26,010.51	31,840.00	31,840.00	29,978.74	33,698.00	33,880.00	33,880.00		
WORKERS' COMPENSATION	900.00	900.00	675.00	900.00	900.00	900.00	900.00	900.00	900.00	900.00	900.00		
UNEMPLOYMENT TAX EXPENSE	148.00	548.69	502.40	1,205.00	502.40	1,210.00	1,210.00	879.20	1,210.00	1,210.00	1,210.00		
DENTAL INSURANCE	850.14	826.32	607.82	864.00	663.44	1,056.00	1,056.00	885.87	1,056.00	1,056.00	1,056.00		
EDUCATION & CONFERENCES	829.00	1,778.00	589.00	3,000.00	2,111.03	3,000.00	3,000.00	1,726.21	3,000.00	3,000.00	3,000.00		
MEDICARE EXPENSE	3,817.30	4,502.51	3,836.06	4,395.00	4,162.62	4,700.00	4,700.00	4,359.71	4,537.00	4,561.00	4,561.00		
AUTOPSY EXPENSE	0.00	0.00	0.00	0.00	0.00	0.00	0.00	0.00	0.00	0.00	0.00		
CRIMINAL CASE EXPENSE                             100.4110.029	2,194.60	7,588.39	5,730.14	3,000.00	5,642.14	5,000.00	5,000.00	3,224.80	5,000.00	5,000.00	5,000.00		
OTHER FEES & SERVICES                    100.4110.030	3,706.51	3,218.97	2,279.54	3,600.00	3,323.00	3,600.00	3,600.00	3,133.57	3,600.00	3,600.00	3,600.00		
CIVIL COMMITMENT                    100.4110.036	0.00	10,845.53	0.00	25,000.00	0.00	1.00	1.00	0.00	1.00	1.00	1.00		
OFFICE SUPPLIES	2,650.81	2,418.18	2,536.13	2,750.00	2,629.39	2,750.00	2,750.00	2,741.07	2,950.00	2,950.00	2,950.00		
DUES/LICENSES/SUBSCRIPT	3,585.21	3,740.05	3,611.35	3,800.00	3,633.14	3,800.00	3,800.00	3,740.92	3,800.00	3,800.00	3,800.00		
POSTAGE	896.40	930.55	1,210.50	1,400.00	1,345.50	1,400.00	1,400.00	1,192.00	1,100.00	1,100.00	1,100.00		
MEALS                                            100.4110.068	0.00	0.00	0.00	0.00	0.00	0.00	0.00	0.00	0.00	0.00	0.00		
TELEPHONE 	3,292.60	2,588.65	2,643.99	3,550.00	3,114.83	4,270.00	4,270.00	4,008.82	3,900.00	4,270.00	4,270.00		
TRAVEL EXPENSE                       100.4110.088	3,778.30	4,667.11	2,941.90	4,500.00	3,441.93	4,500.00	4,500.00	4,238.09	5,000.00	5,000.00	5,000.00		
PHOTO COPIER EXPENSE 	400.07	578.92	443.93	800.00	515.31	800.00	800.00	441.44	575.00	575.00	575.00		
INSURANCE	1,505.64	1,681.44	1,510.89	2,700.00	2,082.96	2,700.00	2,700.00	2,293.56	3,500.00	3,500.00	3,500.00		
GRANT-RMS 100.4110.097	0.00	0.00	16,255.00	16,675.00	16255.00	0.00	0.00	0.00	0.00	0.00	0.00		
NEW EQUIPMENT 100.4110.098	2,370.00	267.92	410.93	2,400.00	2,095.76	1,500.00	1,500.00	1,486.43	1,500.00	1,500.00	1,500.00		
INFORMATION TECHNOLOGY-IT	0.00	14,167.22	7,815.11	13,400.00	8,466.63	11,524.00	11,524.00	10,995.31	15,124.00	15,124.00	15,124.00		
EXTRADITIONS	0.00 	1,635.30 	30.52 	2,500.00	-30.52	2,500.00	2,500.00	0.00	2,500.00	3,000.00	3,000.00		
ATTORNEY TOTAL	394,202.67	439,034.71	407,460.59	485,021.00	446.259.88	476,818.00	476,818.00	4,647,255.34	486,938.00	489,781.00	489,781.00		
VICTIM/WITNESS ASSIST. GRANT 100.4111.007													
SALARY-SECRETARY 100.4111.009	16,685.00	17,108.63	16,748.25	17,330.00	17,331.64	18,500.00	18,500.00	18,500.00	18,500.00	19,332.00	19,332.00		
SALARIES 100.4111.010	38,420.20	39,188.53	36,750.00	39,812.00	39,812.50	45,000.00	45,000.00	44,999.98	46,500.00	45,832.00	45,832.00		
SOCIAL SECURITY 100.4111.012	3,045.28	3,073.98	2,915.59	3,562.00	3,150.03	3,642.00	3,642.00	3,519.99	4,030.00	4,040.00	4,040.00	$10  diff?	
MEDICAL INSURANCE 100.4111.013	21,951.94	22,655.41	21,935.40	23,295.00	24,044.91	25,314.00	25,314.00	26,638.65	27,430.00	27,430.00	27,430.00		
RETIREMENT EXPENSE	5,168.20	5,196.38	4,707.87	5,056.00	5,094.69	6,214.00	6,214.00	6,317.82	7,000.00	7,020.00	7,020.00	$20  diff?	
WORKERS' COMPENSATION 100.4111.015	249.96	249.96	187.47	250.00	249.96	250.00	250.00	249.96	250.00	250.00	250.00		
UNEMPLOYMENT TAX EXPENSE 100.4111.016	59.20	209.60	251.20	329.00	251.20	330.00	330.00	251.18	330.00	330.00	330.00		
DENTAL INSURANCE 100.4111.017	293.94	285.98	266.13	288.00	289.96	288.00	288.00	289.99	288.00	288.00	288.00		
EDUCATION & CONFERENCES 100.4111.018	1,212.74	764.85	570.00	1,600.00	1,122.43	1,600.00	1,600.00	1,522.57	1,600.00	1,600.00	1,600.00		
MEDICARE EXPENSE 100.4111.021	712.22	718.89	681.83	833.00	736.65	849.00	849.00	823.14	943.00	945.00	945.00	$2  diff?	
AUDITING EXPENSE 100.4111.029	0.00	0.00	0.00	0.00	0			0.00					
OTHER FEES & SERVICES 100.4111.036	660.00	516.79	74.27	660.00	624.27	660.00	660.00	569.47	660.00	660.00	660.00		
OFFICE SUPPLIES 100.4111.039	486.50	468.50	494.11	500.00	494.58	500.00	500.00	498.04	500.00	500.00	500.00		
OFFICE EQUIPMENT 100.4111.051	350.00	400.00	53.49	400.00	53.49	400.00	400.00	473.47	400.00	400.00	400.00		
MEALS 100.4111.068	0.00	0.00	0.00	0.00	0			0.00					
TELEPHONE 100.4111.070	690.13	579.41	1,389.68	1,200.00	1,609.37	1,500.00	1,500.00	1,513.26	1,500.00	1,500.00	1,500.00		
TRAVEL EXPENSE 100.4111.098	2,240.96	1,660.95	1,458.07	3,500.00	2,083.79	3,500.00	3,500.00	2,948.18	3,500.00	3,500.00	3,500.00		
INFORMATION TECHNOLOGY-IT	0.00	520.00	89.50	300.00	89.50	300.00	300.00	136.78	300.00	300.00	300.00		
VICTIM/WITNESS ASSIST. GRANT TOTAL	92,226.27	93,597.86	88,572.86	98,915.00	97,038.97	108,847.00	108,847.00	109,252.48	113,731.00	113,927.00	113,927.00		
REGISTRY OF DEEDS 100.4120.005													
OVERTIME/PT WAGES 100.4120.009	0.00	0.00	0.00	0.00	0.00	0.00	0.00	0.00	0.00	0.00	0.00		
SALARIES 100.4120.010	241,787.85	248,544.82	224,299.56	256,361.00	242,500.00	261,694.00	261,694.00	239,911.08	272,094.00	266,686.00	266,686.00		
SOCIAL SECURITY 100.4120.012	13,588.50	13,931.71	12,628.93	15,894.00	13,643.69	16,225.00	16,225.00	13,507.30	16,870.00	16,535.00	16,535.00		
MEDICAL INSURANCE 100.4120.013	78,757.15	82,581.65	70,608.75	85,162.00	77,002.63	90,384.00	90,384.00	81,519.32	100,283.00	100,283.00	100,283.00		
RETIREMENT EXPENSE 100.4120.014	22,147.67	22,929.47	19,725.76	22,559.00	21,327.44	25,606.00	25,606.00	23,423.46	29,305.00	28,722.00	28,722.00		
WORKERS' COMPENSATION 100.4120.015	600.00	600.00	450.00	600.00	600.00	600.00	600.00	600.00	600.00	600.00	600.00		
UNEMPLOYMENT TAX EXPENSE 100.4120.016	177.60	628.80	1,120.39	900.00	1,120.39	1,540.00	1,540.00	710.25	1,540.00	1,540.00	1,540.00		
DENTAL INSURANCE 100.4120.018	1,310.95	1,334.76	1,136.14	1,152.00	1,231.48	1,344.00	1,344.00	1,159.97	1,344.00	1,344.00	1,344.00		
MEDICARE EXPENSE 100.4120.024	3,177.94	3,258.09	2,953.33	3,717.00	3,190.63	3,794.00	3,794.00	3,158.62	3,945.00	3,867.00	3,867.00		
DOCUMENT FILMING & STORAGE 100.4120.029	17,872.51	16,059.13	14,837.62	18,714.00	16,795.06	18,714.00	18,714.00	166,673.91	18,717.00	18,717.00	18,717.00		
OTHER FEES & SERVICES 100.4120.035	0.00	0.00	0.00	1.00	0.00	1.00	1.00	0.00	1.00	1.00	1.00		
VOLUME COVERS & PAPER 100.4120.036	4,639.01	2,803.41	1,470.83	2,505.00	2,261.63	7,365.00	7,365.00	7,511.76	8,975.00	8,975.00	8,975.00		
OFFICE SUPPLIES 100.4120.037	4,142.72	2,543.55	3,123.72	4,505.00	2,784.73	4,505.00	4,505.00	3,243.59	4,505.00	4,505.00	4,505.00		
DUES/LICENSES/SUBSCRIPT 100.4120.038	1,035.09	799.44	267.89	775.00	696.90	775.00	775.00	441.00	775.00	775.00	775.00		
POSTAGE 100.4120.039	6,351.40	5,466.32	5,103.00	7,000.00	6,671.00	7,200.00	7,200.00	7,103.12	7,200.00	7,200.00	7,200.00		
BOOK MAINTENANCE & PAPER 100.4120.051	1,165.53	565.72	405.73	1,300.00	450.73	1,300.00	1,300.00	579.70	1,300.00	1,300.00	1,300.00		
MEALS                        100.4120.068	0.00	0.00	0.00	0.00	0.00	0.00	0.00	0.00	0.00	0.00	0.00		
 TELEPHONE 100.4120.069	2,480.78	1,979.34	2,026.07	 3,960.00	2345.58	 3,960.00	3,960.00	2,304.27	3,960.00	3,960.00	3,960.00		
INDEX CONTRACT 100.4120.070	35,614.79	34,515.00	30,000.00	36,480.00	33,469.00	36,480.00	36,480.00	33,921.00	36,695.00	36,695.00	36,695.00		
TRAVEL EXPENSE 100.4120.079	1,418.90	989.86	1,392.37	2,500.00	1,764.35	2,500.00	2,500.00	1,068.00	2,500.00	2,000.00	2,000.00		
MICROFILMING & PRINTER EXP 100.4120.082	1,403.67	527.32	864.99	1,139.00	1,097.37	1,139.00	1,139.00	467.42	1,399.00	1,399.00	1,399.00		
OFFICE MACH/MAINT CONTRACT	0.00	0.00	0.00	1.00	0.00	1.00	1.00	0.00	1.00	1.00	1.00		
FAX MACHINE EXPENSE	1,196.11	879.89	516.03	1,300.00	631.26	1,000.00	1,000.00	842.75	1,000.00	1,000.00	1,000.00		
SPECIAL PROJECT	0.00	0.00	0.00	0.00	0			0.00					
DOCUMENT COPIER EXP	0.00	0.00	0.00	0.00	0			0.00					
CUSTOMER COPIER EXPENSE	3,756.90	3,647.19	4,338.97	4,900.00	4,852.06	4,900.00	4,900.00	4,845.43	5,010.00	5,010.00	5,010.00		
INSURANCE	3,086.52	3,447.06	3,103.38	3,000.00	4,276.14	3,000.00	3,000.00	4,701.84	3,000.00	3,000.00	3,000.00		
NEW EQUIPMENT	39,317.79	35,014.13	26,705.01	35,393.00	29,618.35	38,857.00	38,857.00	33,423.63	37,083.00	37,083.00	37,083.00		
INFORMATION TECHNOLOGY-IT	0.00	75.00	75.00	75.00	75.00	75.00	75.00	273.57	75.00	75.00	75.00		
REGISTRY OF DEEDS TOTAL	485,029.38	483,121.66	427,153.47	509,894.00	468,406.12	532,960.00	532,959.00	481,391.99	558,177.00	551,273.00	551,273.00		
SHERIFF'S DEPARTMENT 100.4140.001													
ADMINISTRATIVE SALARIES	175,239.71	178,105.83	100,333.24	111,564.00	108,679.78	154,396.00	154,396.00	145,419.13	154,620.00	157,116.00	157,116.00		
GRANT - SALARY	0.00	24,464.67	22,260.00	40,000.00	22,260.00	10,000.00	10,000.00	3,840.95	10,000.00	10,000.00	10,000.00		
SPECIAL DETAILS/ALBANY GRA	19,267.50	18,500.82	12,405.00	30,850.00	13,945.00	23,520.00	23,520.00	32,517.22	23,520.00	23,520.00	23,520.00		
SALARY-PERSONAL DAYS	18,597.23	17,420.70	20,555.67	20,744.00	20,555.67	27,752.00	27,752.00	20,425.81	27,752.00	27,752.00	27,752.00		
OVERTIME	52,371.80	50,393.10	23,431.15	42,599.00	26,149.99	42,000.00	42,000.00	30,585.46	40,000.00	40,000.00	40,000.00		
SALARY-SECRETARY	38,220.73	38,847.55	36,847.45	40,000.00	40,028.25	44,194.00	44,194.00	41,928.38	44,194.00	44,194.00	44,194.00		
SALARY-DEPUTIES	455,055.33	410,876.46	480,541.34	500,812.00	515,677.69	507,816.00	507,816.00	489,475.16	512,110.00	512,110.00	512,110.00	?????	
SALARY-SPECIAL DEPUTIES	65,793.87	39,781.14	46,202.38	31,000.00	52,311.10	35,000.00	35,000.00	35,334.45	20,000.00	50,000.00	50,000.00	?????	
SALARY-SHERIFF	60,375.00	60,375.00	55,730.88	60,375.00	60,375.00	62,186.00	62,186.00	62,186.02	62,186.00	62,186.00	62,186.00		
SOCIAL SECURITY	20,118.64	20,203.36	20,755.74	13,326.00	22,608.02	14,942.00	14,942.00	21,005.76	14,942.00	22,021.00	22,021.00		
COURT BAILIFFS	104,332.74	112,334.07	112,435.82	119,116.00	123,523.00	116,388.00	123,293.00	112,783.71	146,000.00	116,000.00	116,000.00	?????	
MEDICAL INSURANCE	154,411.20	156,954.40	162,895.20	172,115.00	176,243.48	179,396.00	179,396.00	164,956.56	169,650.00	169,650.00	169,650.00		
RETIREMENT EXPENSE	102,677.90	116,748.99	124,383.21	134,840.00	133,535.19	158,945.00	158,945.00	158,104.09	177,076.00	177,256.00	177,256.00	?????	
WORKERS' COMPENSATION	21,030.00	19,226.54	17,250.03	23,000.00	23,000.04	28,000.00	28,000.00	27,999.96	28,000.00	28,000.00	28,000.00		
UNEMPLOYMENT TAX EXPENSE	852.49	2,759.46	2,760.00	2,760.00	2,760.00	3,960.00	3,960.00	3,347.55	3,960.00	3,960.00	3,960.00		
DENTAL INSURANCE 100.4140.017	0.00	0.00	0.00	192.00	0.00	384.00	384.00	0.00	0.00	0.00	0.00		
EDUCATION & CONFERENCES 100.4140.018	8,962.83	6,823.44	5,140.80	6,000.00	5,775.16	6,000.00	6,000.00	1,970.74	6,000.00	6,000.00	6,000.00		
MEDICARE EXPENSE 100.4140.019	14,253.32	13,822.05	13,310.82	15,554.00	14,360.25	13,515.00	13,515.00	14,237.74	14,450.00	15,121.00	15,121.00		
US FORESTRY SALARIES 100.4140.029	0.00	6,667.50	11,500.00	11,500.00	11,500.00	12,100.00	12,100.00	12,100.00	12,100.00	12,100.00	12,100.00		
OTHER FEES & SERVICES 100.4140.036	23,103.90	6,926.11	238.77	7,500.00	313.77	5,000.00	5,000.00	2,180.53	4,500.00	4,500.00	4,500.00		
OFFICE SUPPLIES	5,271.37	4,063.60	3,603.32	5,000.00	4,713.52	5,000.00	5,000.00	3,112.87	5,000.00	5,000.00	5,000.00		
DUES/LICENSE/SUBSCRIPT 100.4140.044	17,805.46	11,957.71	14,612.95	17,583.00	14,681.95	17,730.00	17,730.00	16,915.02	17,730.00	17,730.00	17,730.00		
K-9 EXPENSE 100.4140.045	1,421.12	1,459.27	170.86	1,366.00	170.86	1,518.00	1,518.00	1,332.42	1,518.00	1,518.00	1,518.00		
DEPUTY EXPENSES 100.4140.046	3,192.90	4,363.51	2,465.81	5,000.00	3,668.21	3,000.00	3,000.00	1,964.70	2,500.00	2,500.00	2,500.00		
INVESTIGATIVE SUPPLIES 100.4140.051	4,541.10	2,482.90	367.62-	2,638.00	788.75	2,638.00	2,638.00	1,070.45	2,638.00	2,638.00	2,638.00		
MEALS 100.4140.052	282.58	0.00	0.00	300.00	0.00	150.00	150.00	16.48	100.00	100.00	100.00		
UNIFORM EXPENSES 100.4140.066	19,139.11	6,840.84	5,331.87	12,000.00	5,992.28	11,000.00	11,000.00	5,907.01	12,144.00	12,144.00	12,144.00		
COMPUTER EXPENSE 100.4140.067	17,810.38	10,970.72	3,978.27	12,200.00	3,978.27	5,000.00	5,000.00	1,000.00	5,000.00	5,000.00	5,000.00		
ADVERTISING 100.4140.068	836.90	1,458.10	0.00	1,000.00	0.00	500.00	500.00	0.00	0.00	0.00	0.00		
TELEPHONE 100.4140.069	12,972.80	7,842.57	11,527.11	13,200.00	13,487.16	11,900.00	11,900.00	11,215.69	11,900.00	11,900.00	11,900.00		
RADIO/COMMUN EXP 100.4140.072	334.50	4,619.20	3,100.00	5,000.00	6,283.75	5,000.00	5,000.00	341.17	5,000.00	5,000.00	5,000.00		
VEHICLE LEASE/PURCHASE 100.4140.073	137,228.23	105,421.38	98,806.31	128,683.00	101,700.82	97,341.00	97,341.00	87,939.02	76,000.00	76,000.00	76,000.00	?????	
VEHICLE EXPENSES 100.4140.088	82,871.67	75,461.51	78,095.25	83,182.00	88,172.41	83,332.00	83,332.00	88,074.34	88,192.00	88,192.00	88,192.00		
PHOTO COPIER EXPENSE	10,471.41	410.77	1,067.25	2,400.00	1,067.25	2,000.00	2,000.00	1,052.71	2,000.00	2,000.00	2,000.00		
CAMERA DARK ROOM EXPENSE 100.4140.091	248.18	59.49	0.00	100.00	0.00	60.00	60.00	0.00	0.00	0.00	0.00		
EXTRADITIONS 100.4140.093	161.73	191.26-	14.20	1,500.00	14.20	1,000.00	1,000.00	147.66	0.00	500.00	500.00		
INSURANCE 100.4140.095	46,222.68	51,620.76	46,385.07	36,800.00	63,947.97	50,000.00	50,000.00	70,413.42	50,000.00	50,000.00	50,000.00		
FIREARM TRAINING/EQUIPMENT 100.4140.096	13,270.41	7,750.86	6,595.19	12,318.00	13,379.58	12,318.00	12,318.00	11,471.15	12,318.00	12,318.00	12,318.00		
GRANTS	13,662.19	0.00	0.00	1.00	0.00	1.00	1.00	0.00	1.00	1.00	1.00		
NEW EQUIPMENT 100.4140.098	130.54	0.00	1,107.50	15,000.00	10,486.70	15,000.00	15,000.00	10,506.64	18,750.00	18,750.00	18,750.00		
INFORMATION TECHNOLOGY-IT	0.00 	410.78 	26,833.03 	27,000.00 	28958.03	27,000.00	27,000.00	27,349.90	27,000.00	27,000.00	27,000.00		
SHERIFF'S DEPARTMENT TOTAL	1,722,338.37	1,598,233.90	1,572,303.87	1,766,118.00	1,735,093.10	1,796,982.00	1,803,887.00	1,720,229.87	1,808,851.00	1,819,777.00	1,819,777.00		
DISPATCH CENTER 100.4142.004													
SALARY-PERSONAL DAYS 100.4142.005	6,787.11	4,085.61	5,895.31	8,000.00	6,802.75	8,000.00	8,000.00	7,662.28	24,188.00	24,188.00	24,188.00	?????	
OVERTIME 100.4142.006	17,277.29	13,706.23	10,533.40	18,070.00	11,197.08	18,070.00	18,070.00	16,181.72	15,000.00	15,000.00	15,000.00		
SALARY-DISPATCH 100.4142.008	414,412.62	468,242.06	403,251.38	436,057.00	438,259.38	452,591.00	452,591.00	444,422.84	453,125.00	453,125.00	453,125.00		
SALARY-SPECIAL DISPATCHERS 100.4142.010	39,779.52	1,519.20	29,779.86	25,932.00	32,532.41	25,932.00	25,932.00	34,313.05	32,000.00	32,000.00	32,000.00		
SOCIAL SECURITY 100.4142.012	29,586.18	30,162.50	27,806.22	30,168.00	30,239.23	31,280.00	31,280.00	31,091.49	31,280.00	31,280.00	31,280.00		
MEDICAL INSURANCE 100.4142.013	74,058.65	78,502.00	63,933.52	103,795.00	69,745.08	95,679.00	95,679.00	81,305.58	122,520.00	122,520.00	122,520.00	?????	
RETIREMENT EXPENSE 100.4142.014	37,308.30	39,734.33	35,759.55	39,077.00	38,664.93	43,483.00	43,483.00	46,059.24	43,483.00	43,483.00	43,483.00		
WORKERS' COMPENSATION 100.4142.015	815.04	810.96	608.22	811.00	810.96	1,000.00	1,000.00	999.96	1,000.00	1,000.00	1,000.00		
UNEMPLOYMENT TAX EXPENSE 100.4142.016	539.80	1,507.67	761.46	448.00	761.46	3,300.00	3,300.00	1,717.19	3,300.00	3,300.00	3,300.00		
DENTAL INSURANCE 100.4142.017	95.34	190.68	104.45	50.00	120.34	192.00	192.00	190.68	192.00	192.00	192.00		
EDUCATION & CONFERENCES 100.4142.018	3,727.42	2,944.10	912.31	4,000.00	1,004.31	4,000.00	4,000.00	1,002.90	3,530.00	3,530.00	3,530.00		
MEDICARE EXPENSE 100.4142.029	6,919.46	7,054.23	6,503.14	7,055.00	7,072.16	8,086.00	8,086.00	7,271.35	8,086.00	8,086.00	8,086.00		
OTHER FEES & SERVICES 100.4142.036	50.00	0.00	64.37	100.00	64.37	200.00	200.00	0.00	200.00	200.00	200.00		
OFFICE SUPPLIES 100.4142.051	2,287.17	2,472.44	1,755.25	3,500.00	1,774.99	3,000.00	3,000.00	1,739.49	3,000.00	3,000.00	3,000.00		
MEALS 100.4142.052	0.00	0.00	7.71	0.00	7.71	100.00	100.00	0.00	0.00	0.00	0.00		
UNIFORM EXPENSES 100.4142.061	4,115.13	2,840.70	1,422.31	4,500.00	1,422.31	4,500.00	4,500.00	0.00	0.00	0.00	0.00		
ELECTRIC EXPENSE 100.4142.066	3,985.19	4,183.73	2,868.33	5,325.00	3,272.96	5,325.00	5,325.00	3,972.09	5,325.00	5,325.00	5,325.00		
COMPUTER EXPENSE 100.4142.067	6,016.56	13,302.82	2,535.86	4,800.00	2,535.86	4,800.00	4,800.00	3,116.33	4,800.00	4,800.00	4,800.00		
NCIC TERMINAL EXPENSE 100.4142.068	5,000.00	4,500.00	3,375.00	4,500.00	4,500.00	4,500.00	4,500.00	4,500.00	4,500.00	4,500.00	4,500.00		
TELEPHONE	25,302.77	18,707.70	19,544.46	19,362.00	23,324.66	18,862.00	18,862.00	18,575.74	18,862.00	18,862.00	18,862.00		
RADIO/COMM EXP 100.4142.070	23,794.11	23,177.85	22,861.09	25,875.00	22,861.09	31,000.00	31,000.00	31,047.02	31,000.00	31,000.00	31,000.00		
TRAVEL EXPENSE 100.4142.071	0.00	0.00	0.00	1.00	0.00	500.00	500.00	0.00	500.00	500.00	500.00		
ADVERTISING 100.4142.088	0.00	1,247.00	0.00	300.00	0.00	0.00	0.00	0.00	0.00	0.00	0.00		
PHOTO COPIER EXPENSE	1,110.82	1,034.76	447.75	1,500.00	706.76	1,500.00	1,500.00	163.34	1,500.00	1,000.00	1,000.00		
INSURANCE 100.4142.096	2,860.74	3,194.82	3,870.76	3,054.00	4,957.72	3,054.00	3,054.00	4,357.86	3,054.00	3,054.00	3,054.00		
GRANTS 100.4142.097	0.00	0.00	0.00	1.00	0.00	1.00	1.00	0.00	1.00	1.00	1.00		
NEW EQUIPMENT	1,189.97	6,000.00	5,313.89	6,000.00	6,028.66	6,000.00	6,000.00	3,754.98	325,000.00	25,000.00	25,000.00	?????	
INFORMATION TECHNOLOGY-IT	0.00	194.78	21,878.65	27,000.00	24,003.65	27,000.00	27,000.00	26,529.20	27,000.00	27,000.00	27,000.00		
DISPATCH CENTER TOTAL	707,019.19	729,316.17	671,794.25	779,281.00	732,669.83	801,955.00	801,955.00	769,974.33	1,162,446.00	861,946.00	861,946.00		
MEDICAL REFEREE 100.4150.029													
PHYSICIAN SERVICES 100.4150.030	11,960.00	7,560.00	6,580.00	9,800.00	8,820.00	8,800.00	8,800.00	10,360.00	8,800.00	8,800.00	8,800.00		
PHONE CONSULTS 100.4150.031	0.00	1,325.00	1,200.00	1,300.00	1,625.00	1,600.00	1,600.00	1,500.00	1,600.00	1,600.00	1,600.00		
PRONOUNCEMENTS 100.4150.032	0.00	100.00	100.00	200.00	100.00	200.00	200.00	0.00	200.00	200.00	200.00		
TRANSPORTS 100.4150.070	345.00	317.50	1,256.25	300.00	1,256.25	1,000.00	1,000.00	550.00	1,000.00	1,000.00	1,000.00		
TRAVEL EXPENSE	4,470.00	2,171.00	1,664.47	2,800.00	2,343.80	2,800.00	2,800.00	2,873.62	2,800.00	2,800.00	2,800.00		
MEDICAL REFEREE TOTAL	16,775.00	11,473.50	10,800.72	14,400.00	14,145.05	14,400.00	14,400.00	15,283.62	14,400.00	14,400.00	14,400.00		
ADMINISTRATION BUILDING 100.4170.009													
SALARY 100.4170.010	46,532.89	46,268.69	43,115.89	48,444.00	46,268.69	48,444.00	48,444.00	49,452.17	48,444.00	48,444.00	48,444.00		
SOCIAL SECURITY	2,493.19	2,652.62	2,598.19	3,003.00	2,817.73	3,003.00	3,003.00	2,962.32	3,003.00	3,003.00	3,003.00		
MEDICAL INSURANCE 100.4170.013	18,320.97	10,550.91	0.00	0.00	8.09			0.00					
RETIREMENT EXPENSE	4,262.44	4,268.66	3,794.24	4,263.00	4,116.00	4,741.00	4,741.00	4,862.01	5,217.00	5,217.00	5,217.00		
WORKERS' COMPENSATION	1,400.04	1,400.04	1,050.03	1,400.00	1,400.00	1,400.00	1,400.00	1,400.04	1,400.00	1,400.00	1,400.00		
UNEMPLOYMENT TAX EXPENSE	29.60	136.46	125.60	219.00	125.60	220.00	220.00	125.60	220.00	220.00	220.00		
DENTAL INSURANCE	190.68	103.29	0.00	0.00	0.10	192.00	192.00	167.56	192.00	192.00	192.00		
MEDICARE EXPENSE 100.4170.029	583.11	620.35	607.67	702.00	659.02	702.00	702.00	692.80	702.00	702.00	702.00		
CONTRACTED FEES & SERVICES 100.4170.039	6,564.08	4,998.06	4,997.24	6,000.00	5,471.90	6,000.00	6,000.00	5,606.53	6,000.00	5,500.00	5,500.00		
MAINTENANCE SUPPLIES 100.4170.051	4,205.33	3,782.84	2,362.25	4,000.00	4,041.67	4,000.00	4,000.00	1,898.41	4,000.00	3,800.00	3,800.00		
MEALS 100.4170.061	0.00	0.00	0.00	0.00	0.00	0.00	0.00	0.00	0.00	0.00	0.00		
ELECTRIC EXPENSE	55,615.23	50,524.84	33,118.46	56,000.00	38,657.63	50,000.00	50,000.00	38,638.38	50,000.00	40,000.00	40,000.00		
FUEL 100.4170.078	15,821.42	24,884.71	12,769.48	25,000.00	15,632.57	24,000.00	24,000.00	12,551.33	22,000.00	17,000.00	17,000.00		
GENERATOR EXPENSE 100.4170.080	421.78	754.32	183.45	1,000.00	386.12	1,000.00	1,000.00	172.83	1,000.00	1,000.00	1,000.00		
CARE OF GROUNDS 100.4170.081	24,666.45	18,753.37	14,827.48	24,000.00	19,032.53	24,000.00	24,000.00	18,027.89	24,000.00	12,000.00	12,000.00	researching what included	
MAINTENANCE/BUILDING REPAIR 100.4170.082	4,277.18	3,115.71	973.18	4,000.00	2,893.17	4,000.00	4,000.00	3,721.99	4,000.00	4,000.00	4,000.00		
EQUIPMENT REPAIRS 100.4170.083	1,758.19	2,658.63	4,497.30	4,800.00	4,909.03	6,000.00	6,000.00	3,666.97	10,342.00	10,342.00	10,342.00	?????	
MAINTENANCE LABOR 100.4170.084	280.00	0.00	0.00	1,000.00	0.00	500.00	500.00	0.00	500.00	500.00	1.00	cut	
WATER USAGE 100.4170.093	1,026.14	1,032.51	816.86	1,200.00	1,074.73	1,200.00	1,200.00	1,025.01	1,200.00	1,200.00	1,200.00	?????  Meter buildings? To check cost	
INSURANCE 100.4170.096	2,107.86	2,354.04	2,115.27	2,100.00	2916.18	2300.00	2300.00	3,211.02	3000.00	3000.00	3000.00		
IMPOUND AREA 100.4170.097	0.00	0.00	0.00	1.00	0.00	1.00	1.00	0.00	1.00	1.00	1.00		
NEW EQUIPMENT 100.4170.098	3,094.51	282.69	0.00	250.00	0.00	300.00	300.00	35.44	400.00	400.00	400.00		
INFORMATION TECHNOLOGY-IT	0.00	3,660.20	493.00	0.00	493.00	3,500.00	3,500.00	4,202.56	3,500.00	3,500.00	3,500.00		
ADMINISTRATION BUILDING TOTAL	193,651.09	182,802.94	128,445.59	187,382.00	151,408.39	185,503.00	185,503.00	152,420.86	189,121.00	161,421.00	160,922.00		
HUMAN SERVICES DEPARTMENT 100.4190.009												Chg Name??	
SALARY 100.4190.010	0.00	0.00	0.00	0.00	0.00	0.00	0.00	0.00	0.00	0.00	0.00		
SOCIAL SECURITY 100.4190.012	0.00	0.00	0.00	0.00	0.00	0.00	0.00	0.00	0.00	0.00	0.00		
MEDICAL INSURANCE 100.4190.013	0.00	0.00	0.00	0.00	0.00	0.00	0.00	0.00	0.00	0.00	0.00		
RETIREMENT EXPENSE 100.4190.014	0.00	0.00	0.00	0.00	0.00	0.00	0.00	0.00	0.00	0.00	0.00		
WORKERS' COMPENSATION 100.4190.015	0.00	0.00	0.00	0.00	0.00	0.00	0.00	0.00	0.00	0.00	0.00		
UNEMPLOYMENT TAX EXPENSE	0.00	0.00	0.00	0.00	0.00	0.00	0.00	0.00	0.00	0.00	0.00		
DENTAL INSURANCE 	0.00	0.00	0.00	0.00	0.00	0.00	0.00	0.00	0.00	0.00	0.00		
EDUCATION AND CONFERENCES 	0.00	0.00	0.00	0.00	0.00	0.00	0.00	0.00	0.00	0.00	0.00		
MEDICARE EXPENSE 	0.00	0.00	0.00	0.00	0.00	0.00	0.00	0.00	0.00	0.00	0.00		
CONTRACTED SERVICE 	0.00	0.00	0.00	0.00	0.00	0.00	0.00	0.00	0.00	0.00	0.00		
OFFICE SUPPLIES 	0.00	0.00	0.00	0.00	0.00	0.00	0.00	0.00	0.00	0.00	0.00		
POSTAGE	0.00	0.00	0.00	0.00	0.00	0.00	0.00	0.00	0.00	0.00	0.00		
MEALS	0.00	0.00	0.00	0.00	0.00	0.00	0.00	0.00	0.00	0.00	0.00		
OAA	0.00	0.00	0.00	0.00	0.00	0.00	0.00	0.00	0.00	0.00	0.00		
APTD	0.00	0.00		0.00	0.00	0.00	0.00	0.00	0.00	0.00	0.00		
DEAS	2,790,181.14	3,528,916.11	3,608,506.66	3,959,704.00	3,959,704.00	4,107,954.00	4,107,954.00	4,270,784.85	4,310,708.00	4,310,708.00	4,310,708.00		
MEDICARE D 	0.00	0.00	0.00	0.00	0.00	0.00	0.00	0.00	0.00	0.00	0.00		
DCYS	0.00	0.00	0.00	0.00	0.00	0.00	0.00	0.00	0.00	0.00	0.00		
COMPUTER EXPENSE 	0.00	0.00	0.00	0.00	0.00	0.00	0.00	0.00	0.00	0.00	0.00		
TELEPHONE 	0.00	0.00	0.00	0.00	0.00	0.00	0.00	0.00	0.00	0.00	0.00		
TRAVEL EXPENSE 	0.00	0.00	0.00	0.00	0.00	0.00	0.00	0.00	0.00	0.00	0.00		
CAPITAL EQUIPMENT	0.00	0.00	0.00	0.00	0.00	0.00	0.00	0.00	0.00	0.00	0.00		
HUMAN SERVICES DEPART TOTAL	2,790,181.14	3,528,916.11	3,608,506.66	3,959,704.00	3,959,704.00	4,107,954.00	4,107,954.00	4,270,784.85	4,310,708.00	4,310,708.00	4,310,708.00		
MAINTENANCE                      100.4193.001													
MAINTENANCE                     100.4193.009	0.00	0.00	0.00	0.00	0.00	0.00	0.00	0.00	0.00	0.00	0.00		
OVERTIME								0.00		2,900.00	2,900.00	?????	
SALARY                                    100.4193.010	45,449.87	49,949.11	46,220.51	50,072.00	50,072.19	50,904.00	50,904.00	50,903.84	50,904.00	88,336.00	88,336.00		
SOCIAL SECURITY 	2,802.78	3,081.78	2,851.94	3,104.00	3,089.50	3,156.00	3,156.00	3,140.42	3,156.00	5,657.00	5,657.00		
MEDICAL INSURANCE 	18,320.97	19,132.45	18,373.08	19,659.00	20,153.36	21,363.00	21,363.00	22,330.69	23,149.00	23,149.00	23,149.00		
RETIREMENT EXPENSE 	4,163.16	4,608.35	4,067.37	4,406.00	4,406.31	4,980.00	4,980.00	4,980.92	5,482.00	9,826.00	9,826.00		
WORKERS' COMPENSATION	1,650.00	1,650.00	1,237.50	1,650.00	1,650.00	1,650.00	1,650.00	1,650.00	1,650.00	1,650.00	1,650.00		
UNEMPLOYMENT TAX EXPENSE	29.60	137.40	125.60	219.00	125.60	220.00	220.00	125.60	220.00	440.00	440.00		
DENTAL INSURANCE	190.68	190.68	174.79	192.00	190.68	192.00	192.00	190.68	192.00	384.00	384.00		
MEDICARE EXPENSE	655.51	720.73	666.98	726.00	722.54	738.00	738.00	734.42	738.00	1323.00	1323.00	?????	
CONTRACTED FEES & SERVICES	0.00	0.00	0.00	1.00	0.00	1.00	1.00	0.00	1.00	1.00	1.00		
OFFICE SUPPLIES	0.00	23.00	31.08	100.00	31.08	100.00	100.00	138.34	100.00	100.00	100.00		
MEALS	0.00	0.00	0.00	0.00	0.00	0.00	0.00	0.00	0.00	0.00	0.00		
GASOLINE								0.00		7,575.00	7,575.00	?????	
DIESEL FUEL 								0.00		1,375.00	1,375.00	?????	
TELEPHONE	392.30	355.58	316.51	450.00	355.34	400.00	400.00	435.27	400.00	400.00	400.00		
TRAVEL EXPENSE	0.00	0.00	0.00	1.00	0.00	1.00	1.00	0.00	1.00	1.00	1.00		
VEHICLE LEASE/PURCHASE	2,205.95	2,500.00	2,500.00	2,500.00	2500.00	1.00	1.00	0.00	1.00	1.00	1.00		
VEHICLE EXPENSES	1,107.72	975.31	1,072.15	1,000.00	1,072.15	1,100.00	1,100.00	1,101.02	1,800.00	3,000.00	3,000.00	?????	
SAND/SALT								0.00		8,000.00	8,000.00		
OUTSIDE REPAIRS								0.00		1,500.00	1,500.00		
MAINTENANCE & REPAIR	3,035.91	1,464.95	169.85	2,000.00	169.85	4,000.00	4,000.00	3,472.33	3,500.00	2,500.00	2,500.00		
INSURANCE	1,528.24	1,681.50	1,510.98	1,500.00	2,083.08	1,500.00	1,500.00	2,293.68	2,000.00	2,000.00	2,000.00		
NEW EQUIPMENT	1,200.00	35,969.58	1,156.95	1,200.00	1,156.95	1,500.00	1,500.00	1,552.99	1,400.00	2,000.00	2,000.00		
INFORMATION TECHNOLOGY-IT	0.00	25.00	25.00	25.00	25.00	25.00	25.00	136.78	150.00	150.00	150.00		
ENERGY	0.00	0.00	0.00	0.00	0.00	0.00	0.00	0.00	0.00	0.00	0.00		
MAINTENANCE TOTAL	82,732.69	122,465.42	80,500.29	88,805.00	87,803.63	91,831.00	91,831.00	93,186.98	94,844.00	162,268.00	162,268.00		
SEWER SYSTEM 100.4197.027													
WATER TESTING	6,110.00	7,835.90	4,539.93	8,200.00	6,196.98	8,200.00	8,200.00	6,058.30	7,800.00	7,800.00	7,800.00		
OTHER FEES & SERVICES	451.28	479.37	471.40	600.00	574.33	600.00	600.00	777.94	600.00	600.00	600.00		
ELECTRIC EXPENSE	536.40	664.87	618.22	600.00	703.30	700.00	700.00	1,174.35	700.00	700.00	700.00		
WASTE REMOVAL	18,750.00	18,800.00	18,000.00	20,000.00	18,000.00	20,000.00	20,000.00	19,242.50	20,000.00	20,000.00	20,000.00		
TRAVEL EXPENSE	0.00	0.00	0.00	1.00	0.00	1.00	1.00	0.00	1.00	1.00	1.00		
VEHICLE LEASE/PURCHASE	3,300.00	2,500.00	2,500.00	2,500.00	2500.00	1.00	1.00	0.00	1.00	1.00	1.00		
MAINTENANCE & REPAIR	4,876.83	5,084.68	2,285.52	7,585.00	4,333.41	7,500.00	7,500.00	4,511.50	7,000.00	7,000.00	7,000.00		
LABOR COSTS 100.4197.097	11,485.00	10,372.50	6,750.00	9,000.00	9,000.00	10,000.00	10,000.00	9,000.00	10,000.00	10,000.00	10,000.00		
NEW EQUIPMENT 	1,000.00	0.00	8,187.46	7,500.00	8,187.46	1,500.00	1,500.00	1,378.90	1.00	1.00	1.00		
SEWER SYSTEM TOTAL	46,509.51	45,737.32	43,352.53	55,986.00	49,468.48	48,502.00	48,502.00	42,143.49	46,103.00	46,103.00	46,103.00		
JAIL & CORRECTIONS 100.6100.005													
OVERTIME 100.6100.007	56,366.55	47,767.77	28,003.70	24,976.00	29,556.73	18,000.00	18,000.00	41,955.78	20,000.00	20,000.00	30,000.00		
ADMINISTRATIVE SALARIES 100.6100.008	313,027.74	523,363.49	459,546.42	529,268.00	498,266.06	522,211.00	522,211.00	451,636.22	530,699.00	530,699.00	530,699.00		
NURSING SALARIES 100.6100.009	178,897.00	154,270.31	147,331.64	194,048.00	161,301.91	190,635.00	190,635.00	154,992.64	201,273.00	201,273.00	201,273.00	?????	
SALARIES 100.6100.010	901,978.92	707,955.94	711,976.65	802,612.00	773,091.70	870,487.00	870,487.00	864,276.58	818,159.00	818,159.00	818,159.00	?????	
SOCIAL SECURITY 100.6100.011	19,323.63	15,695.62	10,929.14	16,390.00	12,000.41	17,963.00	17,963.00	12,863.99	18,565.00	18,565.00	18,565.00		
MENTAL HEALTH SALARY 100.6100.012	60,000.00	30,600.00	0.00	0.00	0.00	0.00	0.00	0.00	0.00	0.00	0.00		
MEDICAL INSURANCE 100.6100.013	377,484.16	369,976.12	353,929.27	445,247.00	388,007.23	456,597.00	456,597.00	412,331.57	448,273.00	448,273.00	448,273.00		
RETIREMENT EXPENSE 100.6100.014	188,367.55	224,723.31	244,130.69	248,092.00	264,820.09	296,905.00	296,905.00	308,257.90	329,959.00	329,959.00	329,959.00		
WORKERS' COMPENSATION 100.6100.015	21,000.00	21,226.46	22,500.00	30,000.00	30,000.00	30,000.00	30,000.00	30,000.00	30,000.00	30,000.00	30,000.00		
UNEMPLOYMENT TAX EXPENSE 100.6100.016	1,221.09	7,872.45	5,297.57	8,103.00	5,297.57	8,580.00	8,580.00	6,108.51	8,800.00	8,800.00	8,800.00		
DENTAL INSURANCE 100.6100.017	5,461.04	4,862.37	4,385.68	5,376.00	4,798.82	7,296.00	7,296.00	5,061.00	5,184.00	5,184.00	5,184.00		
EDUCATION & CONFERENCES 100.6100.018	11,197.98	5,780.00	7,748.75	8,529.00	9,493.71	14,315.00	12,665.00	7,266.15	10,000.00	10,000.00	10,000.00		
MEDICARE EXPENSE 100.6100.025	21,297.37	20,666.97	19,140.64	20,082.00	20,779.13	21,911.00	21,911.00	21,559.33	22,243.00	22,243.00	22,243.00		
MEDICAL SERVICES & SUPPLIES 100.6100.027	208,220.10	137,241.97	213,769.34	169,572.00	225,927.40	185,954.00	185,954.00	134,738.37	145,000.00	145,000.00	145,000.00		
MENTAL HEALTH 100.6100.028	0.00	4,583.60	29,625.00	44,088.00	36,085.00	37,920.00	37,920.00	31,529.60	29,000.00	29,000.00	29,000.00		
INMATE PROGRAMS 100.6100.029	66,389.78	16,003.84	9,011.88	20,540.00	17,131.54	17,460.00	17,460.00	12,311.67	17,500.00	17,500.00	17,500.00		
OTHER FEES & SERVICES 100.6100.030	65,949.46	69,839.82	41,053.11	52,746.00	52,086.70	57,710.00	57,710.00	39,918.08	57,000.00	57,000.00	57,000.00		
ACADEMY 100.6100.031	0.00	0.00	0.00	0.00	0.00	3500.00	3500.00	1,000.00	4,000.00	4,000.00	4,000.00		
PRE-RELEASE 100.6100.036	0.00	0.00	0.00	0.00	0.00	0.00	0.00	0.00	0.00	0.00	0.00		
OFFICE SUPPLIES	10,098.18	6,487.76	4,925.72	5,600.00	3,967.71	5,300.00	5,300.00	2,759.39	3,084.00	3,084.00	3,084.00		
DUES/LICENSES/SUBSCRIPT 100.6100.038	3,120.72	2,676.90	2,367.95	2,459.00	2,487.95	2,459.00	2,459.00	2,306.90	2,500.00	2,500.00	2,500.00		
POSTAGE	3,145.68	767.00	847.15	1,200.00	894.56	900.00	900.00	583.18	400.00	400.00	400.00		
OTHER SUPPLIES	18,730.05	17,231.70	17,462.39	15,224.00	18,628.07	23,471.00	23,471.00	22,456.52	20,000.00	20,000.00	20,000.00		
SUPPLIES FROM NURSING HOME 100.6100.041	7,882.90	8,073.32	5,344.29	6,279.00	8,258.86	5,122.00	5,122.00	3,240.58	5,000.00	5,000.00	5,000.00		
CHAPLAIN 100.6100.051	2,165.61	1,500.00	750.00	1,500.00	1,500.00	1,500.00	1,500.00	0.00	1,500.00	1,500.00	1,500.00		
MEALS 100.6100.052	238,214.16	227,120.72	167,502.12	234,360.00	219,762.90	230,069.00	230,069.00	213,687.02	210,000.00	210,000.00	210,000.00		approved footnote that requires delegation appproval for anything other than meals
UNIFORM EXPENSES 100.6100.053	8,204.78	4,873.23	5,222.19	3,800.00	5,252.19	6,195.00	6,195.00	5,705.78	9,300.00	9,300.00	9,300.00		
CLOTHING EXPENSE - INMATES	4,318.98	118.79	2,972.33	4,000.00	-2,738.97	2,500.00	2,500.00	3,218.10	3,200.00	3,200.00	3,200.00		
ELECTRONIC MONITORING	27,182.50	18,896.94	6,221.54	18,188.00	7,177.72	12,000.00	12,000.00	6,468.21	12,000.00	12,000.00	12,000.00		
ELECTRIC EXPENSE 100.6100.065	96,705.18	87,748.92	73,886.24	90,877.00	88,887.37	90,602.00	90,602.00	86,558.94	74,400.00	74,400.00	90,000.00		
HEATING EXPENSE 100.6100.068	133,487.65	197,358.11	80,873.37	187,000.00	105,367.12	97,200.00	97,200.00	79,491.77	78,526.00	78,526.00	78,526.00		
TELEPHONE 100.6100.069	7,689.47	5,564.68	5,328.12	7,588.00	6,472.02	6,020.00	6,020.00	6,594.54	7,460.00	6,020.00	6,020.00		
LAUNDRY EXPENSE 100.6100.070	3,401.51	3,512.07	2,952.15	3,456.00	3,581.19	3,456.00	3,456.00	6,254.26	4,800.00	4,800.00	4,800.00		
TRAVEL EXPENSE 100.6100.072	3,670.96	2,455.25	2,387.36	2,500.00	2,387.36	2,050.00	3,700.00	2,594.77	4,000.00	4,000.00	4,000.00	?????	
VEHICLE LEASE/PURCHASE	4,723.88	4,723.88	3,500.00	3,600.00	3500.00	0.00	0.00	0.00	0.00	0.00	0.00		
VEHICLE EXPENSES 100.6100.078	5,536.00	6,861.40	11,855.18	11,226.00	12,991.08	8,427.00	8,427.00	7,477.19	14,000.00	14,000.00	14,000.00	?????	
GENERATOR EXPENSE 100.6100.080	655.42	1,970.36	2,307.45	2.70800	2,720.91	6,541.00	6,541.00	3,688.70	2,880.00	2,880.00	2,880.00		
CARE OF GROUNDS 100.6100.081	8,759.60	7,478.83	6,494.91	7,892.00	8,278.63	7,896.00	7,896.00	8,509.93	7,944.00	3,144.00	3,144.00		
MAINTENANCE/BUILDING REPAIR 100.6100.082	37,240.46	34,658.48	24,873.74	22,575.00	24,865.81	30,000.00	30,000.00	22,872.80	25,000.00	20,000.00	20,000.00		
EQUIPMENT REPAIRS 100.6100.083	16,888.46	9,452.85	9,568.82	10,500.00	9,263.13	11,000.00	11,000.00	8,662.87	11,700.00	11,700.00	11,700.00		
MAINTENANCE-LABOR 100.6100.084	3,250.00	3,489.00	0.00	1.00	0.00	1.00	1.00	0.00	3,000.00	0.00	0.00		
WATER USAGE 100.6100.088	10,002.29	10,071.15	8,012.15	10,280.00	10,527.18	10,280.00	10,280.00	9,990.14	10,280.00	10,280.00	10,280.00		
PHOTO COPIER EXPENSE 100.6100.093	1,857.11	3,338-3B	3,614.05	4,320.00	4,256.15	4,320.00	4,320.00	4,277.36	4,400.00	4,400.00	4,400.00		
INSURANCE	9,636.12	10,761.36	9,669.84	16,000.00	13,331.16	16,000.00	16,000.00	14,679.00	20,000.00	20,000.00	20,000.00		
FIREARMS TRAINING & EQUIP								0.00			7,275.00		
NEW EQUIPMENT 100.6100.098	11,639.31	9,128.87	7,253.04	7,734.00	7,253.04	17,510.00	17,510.00	17,251.08	13,025.00	13,025.00	5,750.00		
TECHNOLOGY-IT 	0.00	16,075.67	14,233.57	17,000.00	15,392.55	23,000.00	23,000.00	21,383.13	46,000.00	43,000.00	17,000.00	?????	
JAIL&CORRECTION TOTAL	3,170,058.13	3,064,825.66	2,787,805.15	3,317,546.00	3,112,899.69	3,381,263.00	3,381,263.00	3,096,519.55	3,290,054.00	3,272,814.00	3,272,414.00		
FARM 100.7100.005													
OVERTIME 100.7100.009	4,212.01	3,786.35	3,484.27	5,800.00	3,951.66	5,000.00	5,000.00	5,394.16	5,800.00	2,900.00	2,900.00	?????	
SALARIES 100.7100.010	70,378.37	71,622.27	76,304.41	75,690.00	74,814.84	77,635.00	77,635.00	71,257.89	77,635.00	46,239.00	46,239.00	?????	
SOCIAL SECURITY	4,327.69	4,364.67	4,664.78	5,052.00	4,576.46	5,173.00	5,173.00	4,549.03	5,173.00	3,047.00	3,047.00		
MEDICAL INSURANCE 100.7100.013	13,430.33	14,100.81	13,606.12	14,558.00	14,924.50	15,820.00	15,820.00	15,218.61	17,143.00	17,143.00	17,143.00		
RETIREMENT EXPENSE 100.7100.014	5,805.99	5,988.60	6,02.9.67	6,836.00	5,874.86	6,714.00	6,714.00	6,126.68	8,361.00	5,292.00	5,292.00		
WORKERS' COMPENSATION 300.7100.015	2,000.04	2,700.00	2,025.00	2,700.00	2,700.00	2,700.00	2,700.00	2,700.00	2,700.00	2,700.00	2,700.00		
UNEMPLOYMENT TAX EXPENSE 100.7100.016	88.81	237.01	267.31	438.00	157.81	440.00	440.00	252.36	440.00	440.00	440.00		
DENTAL INSURANCE 100.7100.018	378.56	381.36	349.58	576.00	381.36	576.00	576.00	421.10	576.00	384.00	384.00		
MEDICARE EXPENSE 100.7100.029	1,011,47	1,020.84	1,090.99	1,181.00	1,070.35	1,210.00	1,210.00	1,099.50	1,125.00	712.00	712.00		
SUPPLIES & SERVICES 100.7100.036	5,793.09	6,483.72	4,894.21	6,500.00	4,948.95	6,500.00	6,500.00	6,658.52	6,500.00	6,500.00	6,500.00		
OFFICE SUPPLIES 100.7100.037	195.98	63.56	217.83	200.00	217.83	200.00	200.00	227.30	200.00	200.00	200.00		
DUES/LICENSES/SUBSCRIPT 100.7100.051	28.00	28.00	28.00	150.00	28.00	150.00	150.00	150.60	150.00	150.00	150.00		
MEALS 100.7100.052	0.00	0.00	0.00	0.00	0.00	0.00	0.00	0.00	0.00	0.00	0.00		
UNIFORM EXPENSES 100.7100.052	591.80	0.00	0.00	1.00	0.00	1.00	1.00	0.00	1.00	1.00	1.00		
GASOLINE EXPENSE 100.7100.065	4,767.62	8,030.55	6,498.35	10,100.00	8,608.13	10,100.00	10,100.00	7,566.22	10,100.00	2,525.00	2,525.00		
DIESEL FUEL 100.7100.068	3,942.05	4,304.21	3,733.52	5,500.00	4,250.89	5,500.00	5,500.00	6,155.53	5,500.00	4,125.00	4,125.00		
TELEPHONE 100.7100.070	1,110.37	879.21	825.75	1,100.00	937.75	1,000.00	1,000.00	1,055.15	1,000.00	1,000.00	1,000.00		
TRAVEL EXPENSE 100.7100.072	0.00	0.00	0.00	1.00	0.00	1.00	1.00	0.00	1.00	1.00	1.00		
VEHICLE LEASE/PURCHASE 100.7100.075	663.02	1,225.96	1,905.96	2,500.00	2404.96	1.00	1.00	0.00	9,800.00	9,800.00	9,800.00		
SEEDS	1,283.23	1,885.20	1,351.85	1,500.00	1,474.62	1,500.00	1,500.00	1,456.35	1,500.00	1,500.00	1,500.00		
FERTILIZER 100.7100.081	6,373.90	6,993.09	6,733.97	7,000.00	6,856.74	7,500.00	7,500.00	7,473.74	7,500.00	7,500.00	7,500.00		
BUILDING REPAIR/MAINTENANC 100.7100.082	2,532.14	2,424.24	131.79	2,500.00	2,250.72	2,500.00	2,500.00	1,147.09	2,500.00	2,500.00	2,500.00		
EQUIPMENT REPAIRS 100.7100.083	3,920.51	3,957.79	3,220.03	5,000.00	4,656.94	5,800.00	5,800.00	5,621.52	5,000.00	5,000.00	5,000.00		
MAINTENANCE-LABOR 100.7100.093	0.00	0.00	0.00	1.00	0.00	1.00	1.00	0.00	1.00	1.00	1.00		
INSURANCE 100.7100.097	3,989.88	4,455.84	4,003.92	3,900.00	5,519.94	3,900.00	3,900.00	6,078.06	5,000.00	5,000.00	5,000.00		
NEW EQUIPMENT 100.7100.098	15,825.49	12,998.00	3,487.22	3,500.00	3487.22	1.00	1.00	0.00	3,375.00	3,000.00	3,000.00		
INFORMATION TECHNOLOGY-IT	0.00	50.00	89.50	50.00	89.50	50.00	50.00	136.78	100.00	100.00	100.00		
PURCHASE/RESALE	15,120.00	14,000.00	14,500.00	15,000.00	14,500.00	17,400.00	17,400.00	17,400.00	1.00	1.00	1.00		
FARM TOTAL	167,770.35	171,981.28	159,444.03	177,334.00	168,684.03	177,373.00	177,373.00	168,146.19	177,182.00	127,761.00	127,761.00		
COOPERATIVE EXT. SERVICES 100.8360.001													
UNH COOP. EXTEN-CARROL 	233,898.00	230,786.00	211,549.25	230,781.00	230,781.00	225,427.00	225,427.00	225,427.00	229,259.00	229,259.00	229,259.00		
UNH COOP. EXTEN-CARROL COOP EXTEN SERVICES TOTAL	233,898.00	230,786.00	211,549.25	230,781.00	230,781.00	225,427.00	225,427.00	225,427.00	229,259.00	229,259.00	229,259.00		
INTEREST EXPENSE 100.9100.099													
MVNH BOND 2010 100.9100.100	0.00	829,843.75	794,593.75	795,594.00	794,593.75	765,219.00	765,219.00	765,218.75	735,844.00	735,844.00	735,844.00		
TAX ANTICIPATION NOTES 100.9100.150	147,772.84	159,236.64	9,124.57	160,000.00	87,457.90	120,000.00	160,000.00	56,552.07	100,000.00	100,000.00	100,000.00		
S.R.F. SEWER SYSTEM 100.9100.151	362.19	0.00	0.00	0.00	0.00	0.00	0.00	0.00	0.00	0.00	0.00		
S.R.F. WATER SYSTEM 100,9100.153	8,019.15	7,666.62	7,314.09	7,314.00	7,314.09	6,900.00	6,900.00	6,961.56	6,609.00	6,609.00	6,609.00		
JAIL BOND DEBT 100.9100.155	176,280.00	155,950.00	135,085.00	135,085.00	135,085.00	113,705.00	113,705.00	113,685.00	91,955.00	91,955.00	91,955.00		
WASTEWATER SYSTEM 1.5 MILL	16,095.00	12,875.99	9,656.99	9,657.00	9,656.99	6,438.00	6,438.00	6,437.99	3,219.00	3,219.00	3,219.00		
INTEREST EXPENSE TOTAL	348,529.18	1,165,573.00	955,774.40	1,107,650.00	1,034,107.73	1,012,262.00	1,052,262.00	948,855.37	937,627.00	937,627.00	937,627.00		
LONG TERM DEBT 100.9160.099													
MVNH BOND 2010 100.9160.150	0.00	1,175,000.00	1,175,000.40	1,175,000.00	1,175,000.00	1,175,000.00	1,175,000.00	1,175,000.00	1,175,000.00	1,175,000.00	1,175,000.00		
S.R.F. SEWER 2010 100.9160.151	15,250.00	0.00	0.00	0.00	0.00	0.00	0.00	0.00	0.00	0.00	0.00		
S.R.F. WATER 2032	7,834.00	7,834.00	7,834.00	7,834.00	7,834.00	7,834.00	7,834.00	7,834.00	7,834.00	7,834.00	7,834.00		
LONG TERM DEBT 100.9160.153													
PRIN. - JAIL BOND 2017 100.9160.155	535,000.00	535,000.00	535,000.00	535,000.00	535,000.00	530,000.00	530,000.00	530,000.00	530,000.00	530,000.00	530,000.00		
WASTEWATER SYSTEM 2014	139,652.87	139,652.87 	139,652.87 	139,653.00	139,652.87	139,653.00	139,653.00	139,652.87	139,653.00	139,653.00	139,653.00		
LONG TERM DEBT TOTAL	697,736.87	1,857,486.87	1,857,486.87	1,857,487.00	1,857,486.87	1,852,487.00	1,852,487.00	1,852,486.87	1,852,487.00	1,852,487.00	1,852,487.00		
REGIONAL APPROPRIATIONS 100.9180.089													
CARROLL CTY TRANSIT 100.9180.099	1,000.00	0.00	0.00	0.00	0.00	0.00	0.00	0.00	0.00	0.00	0.00		
CHILD ADVOCACY CENTER 100.9180.151	40,000.00	40,000.00	30,000.00	40,000.00	40,000.00	50,000.00	50,000.00	50,000.00	50,000.00	50,000.00	50,000.00		
HEALTH & HOME CARE SERVICE 100.9180.153	70,000.00	70,000.00	70,000.00	70,000.00	70,000.00	70,000.00	70,000.00	70,000.00	75,000.00	75,000.00	75,000.00		
RETIRED SENIOR VOL. PROGRAM 100.9180.155	40,000.00	40,000.00	36,666.63	40,000.00	40,000.00	40,000.00	40,000.00	40,000.00	40,000.00	40,000.00	40,000.00		
CONSERVATION DISTRICT	39,425.00	39,425.00	39,425.00	39,425.00	39,425.00	39,425.00	39,425.00	39,425.00	39,425.00	39,425.00	39,425.00		
REGIONAL APPROPRIATIONS TOTAL	190,425.00	189,425.00	176,091.63	189,425.00	189,425.00	199,425.00	199,425.00	199,425.00	204,425.00	204,425.00	204,425.00		
CAPITAL RESERVES 100.9285.089													
CAPITAL RESERVE FUNDS 100.9285.091	0.00	0.00	0.00	0.00	0.00	0.00	0.00	0.00	0.00	0.00	0.00		
CAPITAL RESERVE - MVNH 100.9285.093	0.00	0.00	0.00	0.00	0.00	0.00	0.00	0.00	0.00	0.00	0.00		
CAPITAL RESERVE - UNH 100.9285.103	0.00	0.00	0.00	0.00	0.00	0.00	0.00	0.00	0.00	0.00	0.00		
CAPITAL RESERVE - SHERIFF	0.00	0.00	0.00	0.00	0.00	0.00	0.00	0.00	0.00	0.00	0.00		
CAPITAL RESERVES TOTAL	0.00	0.00	0.00	0.00	0.00	0.00	0.00	0.00	0.00	0.00	0.00		
CARROLL COUNTY CONVENTION 100.9370.029													
SECRETARY EXPENSE 100.9370.036	800.00	1,000.00	1,100.00	2,000.00	1,300.00	2,000.00	2,000.00	1,600.00	2,000.00	2,000.00	2,000.00		
OFFICE SUPPLIES 100.9370.037	459.77	500.00	250.00	500.00	289.99	500.00	500.00	489.99	500.00	500.00	500.00		
PUBLICATION/DOCUMENT/DUE 100.9370.038	0.00	0.00	0.00	250.00	0.00	250.00	250.00	0.00	250.00	250.00	250.00		
POSTAGE 100.9370.039	105.00	75.00	0.00	75.00	75.00	75.00	75.00	42.13	75.00	75.00	75.00		
SUPPLIES 100.9370.051	0.00	0.00	0.00	0.00	0.00	0.00	0.00	0.00	0.00	0.00	0.00		
MEALS 100.9370.067	0.00	0.00	0.00	0.00	0.00	0.00	0.00	0.00	0.00	0.00	0.00		
ADVERTISING	1,210.00	2,252.30	875.20	1,325.00	1,025.70	1,325.00	1,325.00	1,479.65	1,325.00	1,325.00	1,325.00		
TRAVEL EXPENSE 100.9370.074	1,966.13	2,636.34	2,075.10	4,000.00	2,456.28	3,500.00	3,500.00	3,460.30	3,500.00	3,500.00	3,500.00		
MEETING EXPENSE 100.9370.097	2,225.00	3,425.00	1,750.00	4,000.00	2,125.00	3,000.00	3,000.00	2,611.70	3,000.00	3,000.00	3,000.00		
NEW EQUIPMENT	0.00	0.00	0.00	0.00	0.00	0.00	0.00	0.00	1.00	1.00	1.00		
PERF AUDIT					0.00	20000.00		20,000.00	1.00	1.00	7,000.00	add 7,000	
CARROLL CTY CONVENTION TOTAL	6,765.90	9,888.64	6,050.30	12,151.00	7,271.97	30,651.00	10,650.00	29,683.76	10,652.00	10,652.00	17,651.00		
CAPITAL EXPENDITURES  100.9400.089													
ADMINISTRATION BUILDING 100.9400.091	0.00	47,305.52	0.00	0.00	0.00	0.00	30,000.00	0.00	0.00	5,000.00	0.00	?????	
FARM 100.9400.093	0.00	3,086.58	0.00	9,500.00	9,500.00	0.00	55,500.00	0.00	0.00	20,000.00	20,000.00	??? Plow truck?	
UNE1-COOPERATIVE EXTENSION 100.9400.096	0.00	0.00	0.00	0.00	0.00	0.00	0.00	0.00	0.00	0.00	0.00		
SHERIFF/DISPATCH								0.00		300,000.00	1.00	chg to $1	
INFORMATION TECHNOLOGY-IT	0.00	0.00	17,298.99	24,995.00	24798.99	0.00	0.00	0.00	0.00	30,000.00	56,000.00	Doc Star est	
JAIL	0.00 	22,770.00 	0.00 	0.00 	0.00	35,000.00	45,000.00	34,894.15					
CAPITAL EXPENDITURES  TOTAL	0	73,162.10	17,298.99	34,495.00	34,298.99	35,000.00	130,500.00	34,894.15	0.00	355,000.00	76,001.00		
MVNH ANNEX (OLD NH) 100.9500.061					0								
ELECTRIC EXPENSE 100.9500.065	0.00	5,254.16	10,447.09	7,500.00	13,586.66	7,500.00	7,500.00	11,435.77	7,500.00	7,500.00	7,500.00		
FUEL 100.9500.080	0.00	0.00	188.19	11,000.00	188.19	11,000.00	11,000.00	8,430.44	11,000.00	11,000.00	11,000.00		
CARE OF GROUNDS 100.9500.081	0.00	0.00	4,637.36	6,500.00	6,137.36	6,500.00	6,500.00	6,000.00	6,500.00	500.00	500.00		
MAINTENANCE & REPAIR	0.00 	2,010.86 	3,817.82 	5,000.00 	5,813.64	5,000.00	5,000.00	7,668.50	5,000.00	5,000.00	5,000.00		
MVNH (OLD NH) ANNEX TOTAL	0	7,265.02	19,090.46	30,000.00	25,728.85	30,000.00	30,000.00	33,534.71	30,000.00	24,000.00	24,000.00		
													
GENERAL FUND TOTAL	11,775,228.49	14,446,268.02	13,609,919.32	15,375,089.00	14,897,419.50	15,592,611.00	15,715,014.00	15,185,191.60	16,027,688.00	16,061,566.00	15,788,667.00		
													
NURSING HOME ADMINISTRATION 300.5100.005													
OVERTIME 300.5100.009	1,858.73	632.09	198.25	1,000.00	198.25	1,000.00	1,000.00	1,197.00	1,000.00	1,000.00	1,000.00		
SALARY-ADMINISTRATION  300.5100.010	324,859.43	333,294.64	309,637.51	343,371.00	335,311.42	343,525.00	343,525.00	329,833.29	346,300.00	348,645.00	348,645.00		
 SOCIAL SECURITY 300.5100.012	18,989.78	19,491.42	18,237.78	21,500.00	19,756.49	21,300.00	21,300.00	19,905.06	21,475.00	21,620.00	21,620.00		
MEDICAL INSURANCE 300.5100.013	51,383.24	60,146.09	60,662.45	68,434.00	67,321.67	79,909.00	79,909.00	72,888.44	80,584.00	80,584.00	80,584.00		
RETIREMENT EXPENSE 300.5100.014	28,445.09	29,221.09	26,296.70	32,560.00	25,488.76	31,406.00	31,406.00	30,576.50	34,190.00	34,640.00	34,640.00		
WORKERS' COMPENSATION 300.5100.015	6,999.96	6,999.96	5,249.97	7,000.00	6,999.96	7,000.00	7,000.00	6,999.96	7,000.00	7,000.00	7,000.00		
UNEMPLOYMENT TAX EXPENSE 300.5100.016	209.64	668.19	767.14	1,971.00	767.14	1,980.00	1,980.00	868.67	1,980.00	1,980.00	1,980.00		
DENTAL INSURANCE 300.5100.017	1,08'1.06	1,032.38	965.28	960.00	1056.64	960.00	960.00	1,020.92	960.00	960.00	960.00		
EDUCATION & CONFERENCES 300.5100.018	2,305.17	1,120.16	1,510.81	2,000.00	1,941.18	2,000.00	2,000.00	1,961.92	2,000.00	2,000.00	2,000.00		
MEDICARE EXPENSE 300.5100.021	4,441.25	4,558.48	4,265.25	5,150.00	4,620.42	5,000.00	5,000.00	4,655.24	5,025.00	5,060.00	5,060.00		
AUDITING AND LEGAL EXPENSE 300.5100.027	67,870.32	12,794.72	51,285.31	50,000.00	51,285.31	50,000.00	50,000.00	50,000.00	50,000.00	50,000.00	50,000.00		
FEASIBILITY STUDY/SPECIAL 300.5100.028	0.00	0.00	0.00	0.00	0.00	0.00	0.00	0.00	0.00	0.00	0.00		
CONTRACTED SERVICES 300.5100.029	1,804.18	0.00	8,264.25	0.00	8264.25	0.00	0.00	0.00	0.00	0.00	0.00		
OTHER FEES & SERVICES 300.5100.031	0.00	271.95	0.00	500.00	0.00	500.00	500.00	0.00	500.00	500.00	500.00		
REIMBURSEABLE SUPPLIES 300.5100.036	0.00	0.00	0.00	0.00   	0.00   	0.00   	0.00	0.00	0.00	0.00	0.00		
OFFICE SUPPLIES 300.5100.037	9,362.55	10,332.62	6,183.21	10,000.00	10919.34	10,000 00	10,000.00	7,481.45	10,000 00	10,000 00	10,000 00		
DUES/TRAINING/SUBSCRIPT 300.5100.038	4,042.76	3,536.00	3,797.00	4,500.00	3,872.00	4,500.00	4,500.00	3,871.27	4,500.00	4,500.00	4,500.00		
POSTAGE 300.5100.045	1,868.39	2,634.70	1,739.54	2,500.00	2,191.00	2,500.00	2,500.00	2,303.19	2,500.00	2,500.00	2,500.00		
MQUIP-BED TAX 300.5100.052	469,659.80	626,399.81	430,776.13	450,000.00	541,703.15	450,000.00	450,000.00	506,078.02	450,000.00	450,000.00	450,000.00		
UNIFORM ALLOWANCE 300.5100.066	337.85	238.32	119.96	500.00	485.64	0.00	0.00	0.00	0.00	0.00	0.00		
COMPUTER EXPENSE 300.5100.067	44,151.15	36,495.93	27,425.80	46,634.00	42,750.07	46,634.00	46,634.00	40,871.94	57,000.00	57,000.00	57,000.00		
ADVERTISING 300.5100.068	2,669.02	2,404.70	2,273.33	2,000.00	2,713.13	2,000.00	2,000.00	1,349.80	2,000.00	2,000.00	2,000.00		
TELEPHONE	10,868.48	9,226.33	7,407.69	13,000.00	8,706.96	10,000.00	10,000.00	8,741.27	8,000.00	8,000.00	8,000.00		
PHOTO COPIER EXPENSE 300.5100.093	7,447.37	7,689.95	7,172.18	7,000.00	7,864.87	7,500.00	7,500.00	7,201.81	7,500.00	7,500.00	7,500.00		
INSURANCE                             300.5100.097	25,615.00	28,577.40	25,181.96	50,000.00	34,716.65	50,000.00	50,000.00	43,700.10	50,000.00	50,000.00	50,000.00		
NEW EQUIPMENT 300.5100.098	0.00	104.43	0.00	0.00	0.00	25,700.00	25,700.00	24,283.81	20,000.00	20,000.00	20,000.00		
INFORMATION TECHNOLOGY-IT	0.00 	24,776.87 	23,935.92 	28,000.00 	25,635.92	28,000.00	28,000.00	28,880.56	28,000.00	28,000.00	28,000.00		
NURSING HOME ADMIN TOTAL	1,086,276.22	1,222,648.23	1,023,353.42	1,148,581.00	1,204,570.28	1,181,414.00	1,181,414.00	1,194,671.02	1,180,514.00	1,183,489.00	1,183,489.00	check Budget - says $1,90,514 &  $1,193,489	
NURSING HOME DIETARY DEPT. 300.5130.005													
OVERTIME 300.5130.009	3,361.30	5,827.24	2,732.71	2,500.00	2,732.71	2,500.00	2,500.00	1,656.46	2,500.00	2,500.00	2,500.00		
SALARY 300.5130.010	662,436.70	646,562.94	633,134.56	710,412.00	689,547.99	724,900.00	724,900.00	701,861.11	724,450.00	734,580.00	734,580.00		
SOCIAL SECURITY 300.5130.012	40,476.48	39,350.32	38,411.73	44,050.00	41,812.51	44,400.00	44,400.00	42,399.21	44,915.00	45,545.00	45,545.00		
MEDICAL INSURANCE 300.5130.013	,112,245.24	111,758.70	117,181.78	112,060.00	128,648.24	137,600.00	137,600.00	154,582.94	157,700.00	157,700.00	157,700.00		
RETIREMENT EXPENSE 300.5130.014	40,813.53	37,956.19	36,985.50	41,905.00	40,330.45	47,335.00	47,335.00	42,817.24	49,720.00	50,345.00	50,345.00		
WORKERS' COMPENSATION 300.5130.015	17,000.04	17,000.04	12,750.03	17,000.00	17,000.00	17,000.00	17,000.00	17,000.04	17,000.00	17,000.00	17,000.00		
UNEMPLOYMENT TAX EXPENSE 300.5130.016	818.15	3,035.21	3,638.60	6,351.00	3,638.60	7,500.00	7,500.00	4,120.01	7,260.00	7,260.00	7,260.00		
DENTAL INSURANCE 300.5130.017	2,963.43	2,558.32	2,558.31	3,264.00	2,796.66	4,224.00	4,224.00	3,026.84	3,072.00	3,072.00	3,072.00		
EDUCATION & CONFERENCES 300.5130.018	2,913.87	1,676.17	385.00	2,000.00	385.00	2,000.00	2,000.00	1,279.95	2,000.00	2,000.00	2,000.00		
MEDICARE EXPENSE 300.5130.023	9,466.38	9,202.94	8,983.46	10,305.00	9,778.79	10,400.00	10,400.00	9,915.92	10,505.00	10,655.00	10,655.00		
CONSULTANT 300.5130.029	10,246.25	15,093.75	10,438.75	15,000.00	12,871.25	15,000.00	15,000.00	14,096.25	15,000.00	15,000.00	15,000.00		
CONTRACTED SERVICES 300.5130.037	1,856.00	718.05	1,860.00	1,860.00	1,860.00	1,860.00	1,860.00	500.00	1,860.00	1,860.00	1,860.00		
DUES, LICENSES, SUBSCRIPTI 300.5130.039	624.95	535.00	1,130.00	2,000.00	1,130.00	2,000.00	2,000.00	630.00	2,000.00	1,000.00	1,000.00		
GENERAL OPERATING SUPPLIES 300.5130.050	69,166.05	72,756.09	81,381.49	68,000.00	79,404.93	68,000.00	68,000.00	82,617.00	77,500.00	77,500.00	77,500.00		
FOOD 300.5130.051	475,233.90	485,114.72	435,300.66	495,000.00	510,029.19	495,000,00	495,000.00	499,506.10	519,750.00	519,750.00	519,750.00		
FOOD FROM FARM 300.5130.052	3,474.75	2,230.50	0.00	3,000.00	2,469.12	3,000.00	3,000.00	3,560.10	3,000.00	3,000.00	3,000.00		
UNIFORM EXPENSES 300.5130.062	2,017.21	5,844.25	3,267.15	5,376.00	3,794.42	5,376.00	5,376.00	4,310.15	5,376.00	5,000.00	5,000.00		
PROPANE GAS	21,016.00	35,308.80	21,282.47	33,000.00	25,323.36	33,000.00	33,000.00	20,918.89	33,000.00	33,000.00	33,000.00		
EQUIPMENT MAINT/REPAIR 300.5130.097	11,582.78	8,734.45	9,057.31	10,000.00	9,301.17	10,000.00	10,000.00	6,579.04	10,000.00	10,000.00	10,000.00		
NEW EQUIPMENT	2,591.13	0.00	1,563.55	3,000.00	2,809.08	4,600.00	4,600.00	5,145.24	15,700.00	15,700.00	15,700.00		
NURSING HOME DIETARY TOTAL	1,490,304.14	1,501,263.68	1,422,043.06	1,586,083.00	1,585,663.51	1,635,695.00	1,635,695.00	1,616,522.64	1,702,308.00	1,712,467.00	1,712,467.00		
NURSING DEPARTMENT 300.5140.005													
OVERTIME 300.5140.006	256,405.58	230,960.89	182,350.79	250,000.00	201,129.70	200,000.00	200,000.00	238,352.42	200,000.00	200,000.00	200,000.00	?????	
SALARY-NURSING SECRETARY 300.5140.007	80,892.43	92,671.82	95,526.41	96,875.00	104,021.48	99,205.00	99,205.00	103,594.11	99,205.00	101,530.00	101,530.00	?????	
SALARY-LNA'S 300.5140.008	1,820,995.15	1,876,796.90	1,724,051.90	2,003,305.00	1,867,781.20	2,071,768.00	2,071,768.00	1,925,696.64	2,086,850.00	2,087,845.00	2,087,845.00	?????	
SALARY-CHARGE NURSE 300.5140.009	459,784.94	771,186.82	714,049.61	801,855.00	782,493.22	784,468.00	784,468.00	894,686.86	785,775.00	786,105.00	786,105.00		
SALARY-SUPERVISE NURSE 300.5140.010	901,248.71	711,757.10	727,941.26	665,175.00	780,563.09	661,698.00	661,698.00	626,083.26	656,300.00	664,715.00	664,715.00		
SOCIAL SECURITY 300.5140.011	228,704.86	236,569.80	224,393.18	239,155.00	243,261.97	244,520.00	244,520.00	245,884.03	246,520.00	247,225.00	247,225.00		
MNA MEDICATION NURSING ASS 300.5140.012	272,817.56	268,605.87	272,455.23	290,020.00	302,103.99	396,750.00	396,750.00	292,520.72	398,835.00	398,835.00	398,835.00		
MEDICAL INSURANCE 300.5140.013	714,699.38	758,158.33	713,760.51	769,213.00	782,439.19	822,500.00	822,500.00	872,807.82	926,419.00	926,419.00	926,419.00	?????	
RETIREMENT EXPENSE 300.5140.014	230,840.10	241,155.10	203,384.70	265,580.00	219,800.75	315,700.00	315,700.00	242,139.22	319,050.00	319,900.00	319,900.00		
WORKERS' COMPENSATION 300.5140.015	48,536,92	92,453.00	82,500.07	110,000.00	110,000.08	110,000.00	110,000.00	110,000.04	110,000.00	110,000.00	110,000.00		
UNEMPLOYMENT TAX EXPENSE 300.5140.016	4,922.65	20,987.45	17,355.73	24,090.00	17,355.73	24,420.00	24,420.00	18,222.25	24,200.00	24,200.00	24,200.00		
DENTAL INSURANCE 300.5140.017	12,146.53	13,369.48	11,793.21	13,440.00	12,750.44	12,096.00	12,096.00	11,757.97	11,904.00	11,904.00	11,904.00		
EDUCATION & CONFERENCES 300.5140.018	22,163.65	10,823.09	8,705.61	20,000.00	11,764.21	20,000.00	20,000.00	1,053.03	20,000.00	20,000.00	20,000.00		
MEDICARE EXPENSE 300.5140.023	53,512.20	55,390.50	52,479.34	55,937.00	56,892.15	57,190.00	57,190.00	57,505.24	57,660.00	57,820.00	57,820.00		
AGENCY STAFF 300.5140.027	9,382.07	9,055.80	20,965.67	12,000.00	25,886.03	12,000.00	12,000.00	9,794.41	12,000.00	12,000.00	12,000.00		
IN-SERVICE TRAINING 300.5140.029	166.50	33.00	0.00	0.00	0.00	0.00	0.00	0.00	1.00	1.00	1.00		
OTHER FEES & SERVICES 300.5140.030	3,077.60	4,639.04	4,333.82	6,000.00	4,885.02	6,000.00	6,000.00	7,157.25	6,000.00	5,000.00	5,000.00		
MEDICAL SUPPLIES & SERVICE 300.5140.036	119,134.35	133,569.12	105,539.09	140,000.00	130,037.26	140,000.00	140,000.00	124,195.54	140,000.00	130,000.00	130,000.00		
OFFICE SUPPLIES 300.5140.038	4,607.72	3,764.43	3,549.91	4,500.00	4,153.82	4,500.00	4,500.00	3,945.10	4,500.00	4,500.00	4,500.00		
POSTAGE	251.64	158.97	269.38	200.00	284.38	300.00	300.00	0.00	300.00	300.00	300.00		
SUPPLIES 300.5140.040	185,591.96	201,598.39	164,216.39	199,000.00	181,742.23	199,000.00	199,000.00	193,034.70	199,000.00	190,000.00	190,000.00		
PHARMACY - SKILLED 300.5140.041	76,725.79	86,711.55	57,796.98	75,000.00	68,862.01	75,000.00	75,000.00	59,326.92	75,000.00	75,000.00	75,000.00		
PHARMACY 300.5140.042	26,983.07	36,955.00	34,320.42	40,000.00	37,369.60	40,000.00	40,000.00	37,980.12	40,000.00	40,000.00	40,000.00		
MED/SURG SUPPLIES - SKILLE 300.5140.043	0.00	0.00	0.00	0.00	0.00	0.00	0.00	0.00	0.00	0.00	0.00		
MED/SURG SUPPLIES - PART B 300.5140.052	0.00	0.00	0.00	0.00	0.00	0.00	0.00	0.00	0.00	0.00	0.00		
UNIFORM EXPENSES 300.5140.082	7,530.10	7,801.86	5,046.73	6,750.00	7,601.96	6,750.00	6,750.00	6,848.89	6,750.00	6,750.00	6,750.00		
EQUIPMENT MAINTENANCE/REPA 300.5140.097	3,535.55	1,524.87	1,732.45	3,000.00	2,287.45	3,000.00	3,000.00	3,241.26	3,000.00	3,000.00	3,000.00		
NEW EQUIPMENT	5,962.45 	0.00 	0.00 	0.00 	0.00	22,172.00	22,172.00	15,266.56	21,550.00	21,550.00	21,550.00		
NURSING DEPT TOTAL	5,550,619.46	5,866,698.18	5,428,518.39	6,091,097 00	5,955,466.96	6,329,038.00	6,329,037.00	6,101,094.36	6,450,819.00	6,444,599.00	6,444,599.00		
PLANT OPERATIONS 300.5150.005													
OVERTIME 300.5150.009	2,912.98	1,754.72	457.84	2,000.00	457.84	1,000.00	1,000.00	501.13	1,000.00	1,000.00	1,000.00		
SALARY 300.5150.010	148,212.34	173,209.93	213,403.17	223,075.00	225,067.45	229,600.00	229,600.00	226,860.87	226,300.00	227,110.00	227,110.00		
SOCIAL SECURITY 300.5150.012	9,171.28	10,804.54	12,709.47	13,835.00	13,901.87	14,325.00	14,325.00	14,015.89	14,030.00	14,085.00	14,085.00		
MEDICAL INSURANCE 300.5150.013	29,231.66	30,157.10	50,071.29	41,488.00	55,995.18	87,001.00	87,001.00	76,550.14	77,134.00	77,134.00	77,134.00		
RETIREMENT EXPENSE 300.5150.014	12,586.61	15,341.82	18,139.56	19,635.00	19,723.09	22,480.00	22,480.00	22,156.97	22,155.00	22,235.00	22,235.00		
WORKERS' COMPENSATION 300.5150.015	3,999.96	3,999.96	2,999.97	9,000.00	3,999.96	4,000.00	4,000.00	3,999.96	4,000.00	4,000.00	4,000.00		
UNEMPLOYMENT TAX EXPENSE 300.5150.016	156.37	524.00	879.20	1,533.00	879.20	1,540.00	1,540.00	1,044.89	1,540.00	1,540.00	1,540.00		
DENTAL INSURANCE 300.5150.017	818.34	691.22	1,001.07	960.00	1,096.31	1,344.00	1,344.00	1,048.03	960.00	960.00	960.00		
EDUCATION & CONFERENCES 300.5150.018	199.00	0.00	214.99	1,000.00	579.99	1,000.00	1,000.00	667.96	1,000.00	1,000.00	1,000.00		
MEDICARE EXPENSE 300.5150.039	2,144.96	2,526.90	2,972.32	3,235.00	3,251.16	3,330.00	3,330.00	3,277.93	3,285.00	3,295.00	3,295.00		
SUPPLIES 300.5150.052	21,756.54	12,893.64	11,669.12	15,000.00	14,255.99	15,000.00	15,000.00	9,502.53	15,000.00	13,000.00	13,000.00		
UNIFORM EXPENSES 300.5150.061	1,360.18	1,485.49	598.25	1,500.00	1,380.17	1,500.00	1,500.00	1,360.38	1,500.00	1,500.00	1,500.00		
ELECTRIC EXPENSE 300.5150.065	93,506.72	112,865.75	132,994.38	186,000.00	160,990.00	160,000.00	160,000.00	169,571.66	140,000.00	140,000.00	140,000.00		
HEATING EXPENSE	84,145.68	140,780.75	85,129.86	140,780.00	101,108.68	40,000.00	40,000.00	75,425.56	67,000.00	67,000.00	67,000.00	?????	
PELLETS 	0.00	0.00	18,285.69	1.00	36,257.69	80,000.00	80,000.00	64,206.63	87,600.00	87,600.00	87,600.00		
SEPTAGE REMOVAL 	3,565.00	2,410.00	6,900.00	3,000.00	6,900.00	9,000.00	9,000.00	7,350.00	9,000.00	9,000.00	9,000.00		
SERVICES PURCHASED 	2,732.07	3,318.04	2,802.90	3,685.00	3,645.66	3,685.00	3,685.00	2,851.92	3,685.00	3,685.00	3,685.00		
TRAVEL EXPENSE 	619.82	607.24	590.69	775.00	422.40	775.00	775.00	480.25	775.00	775.00	775.00		
VEHICLE EXPENSES 	2,767.14	3,128.49	2,778.73	4,000.00	4,176.71	4,000.00	4,000.00	4,489.89	9,000.00	8,000.00	8,000.00	?????	
GENERATOR EXPENSE 	3,283.60	3,587-98	1,926.89	3,600.00	1,956.07	3,600.00	3,600.00	1,874.01	3,600.00	3,600.00	3,600.00		
CARE OF GROUNDS 	47,783.06	56,054.32	44,685.45	55,000.00	56,148.43	60,000.00	60,000.00	56,247.13	60,000.00	25,000.00	25,000.00		
BUILDING REPAIR/MAINTENANC  	38,685.49	19,124.66	16,402.48	20,000.00	19,693.34	40,000.00	40,000.00	39,192.30	46,000.00	46,000.00	46,000.00		
EQUIPMENT REPAIRS	10,683.93	861.91	5,523.47	4,500.00	3,719.34	4,500.00	4,500.00	846.34	4,500.00	4,000.00	4,000.00		
MAINTENANCE - LABOR 	2,540.00	800.00	0.00	2,000.00	0.00	1,000.00	1,000.00	1,549.65	0.00	0.00	0.00		
WATER USAGE 	21,820.52	22,066.19	18,186.54	21,000.00	23,693.28	21,000.00	21,000.00	21,786.10	21,000.00	21,000.00	21,000.00		
SEWER USAGE 	0.00	352.50	0.00	0.00	0.00	0.00	0.00	0.00	0.00	0.00	0.00		
NEW EQUIPMENT	5,432.08	0.00	0.00	1	0.00	3,500.00	3,500.00	3,281.62	1,000.00	1,000.00	1,000.00		
PLANT OPERATIONS TOTAL	550,115.33	619,447.15	651,323.33	771,603.00	759,299.81	813,180.00	813,180.00	810,139.74	821,064.00	783,519.00	783,519.00		
LAUNDRY DEPARTMENT       300.5160.005													
OVERTIME 	0	49.05	0.00	500.00	0.00	500.00	500.00	0.00	500.00	500.00	500.00		
SALARY                                         300.5160.010	18,558.39	25,673.06	24,119.88	41,295.00	26,207.09	42,166.00	42,166.00	26,758.22	42,500.00	42,500.00	42,500.00		
SOCIAL SECURITY	1,135.87	1,580.01	1,481.92	2,561.00	1,610.10	2,615.00	2,615.00	1,644.31	2640	2640	2640		
MEDICAL INSURANCE 	7,189.44	14,100.81	13,606.12	14,558.00	14,924.50	15,820.00	15,820.00	16,536.99	17,143.00	17,143.00	17,143.00		
RETIREMENT EXPENSE 	0.00	0.00	0.00	833.00	0.00	980.00	980.00	0.00	980.00	980.00	980.00		
WORKERS' COMPENSATION 	750.00	750.00	562.50	750.00	750.00	750.00	750.00	750.00	750.00	750.00	750.00		
UNEMPLOYMENT TAX EXPENSE 	29.60	104.80	125.60	438.00	125.60	440.00	440.00	125.60	440.00	440.00	440.00		
DENTAL INSURANCE	190.68	190.68	174.79	192.00	190.68	192.00	192.00	190.68	192.00	192.00	192.00		
MEDICARE EXPENSE	265.62	369.46	346.53	605.00	376.51	615.00	615.00	384.49	617.00	617.00	617.00		
CONTRACTED FEES & SERVICES 300.5160.039	62,441.65	62,071.81	47,994.47	60,500.00	65,208.40	56,000.00	56,000.00	66,369.75	60,000.00	60,000.00	60,000.00		
GENERAL OPERATING SUPPLIES 300.5160.052	4,053.81	4,191.13	3,777.71	4,000.00	3,804.78	4,000.00	4,000.00	3,529.82	4,000.00	4,000.00	4,000.00		
UNIFORM EXPENSES 300.5160.062	107.99	125.00	0.00	125.00	0.00	125.00	125.00	122.63	125.00	125.00	125.00		
PROPANE GAS 300.5160.079	7,881.02	15,575.24	12,769.48	14,000.00	14,334.65	14,000.00	14,000.00	12,551.33	14,000.00	14,000.00	14,000.00		
LINEN EXPENSE 300.5160.082	2,274.54	2,617.85	0.00	3,200.00	0.00	1.00	1.00	0.00	1.00	1.00	1.00		
EQUIP. MAINTENANCE & REPAI 300.5160.097	1,499.31	740.48	388.95	2,500.00	388.95	1,500.00	1,500.00	1,522.76	1,500.00	1,500.00	1,500.00		
NEW EQUIPMENT 	0.00	0.00	0.00	0.00	0.00	1.00	1.00	0.00	1.00	1.00	1.00		
LAUNDRY DEPART TOTAL	106,377.92	128,139.38	105,347.95	146,058.00	127,921.26	139,705.00	139,705.00	130,486.58	145,389.00	145,389.00	145,389.00		
HOUSEKEEPING DEPARTMENT 300.5170.005													
OVERTIME 300.5170.009	68.89	8.97	0.00	500.00	0.00	500.00	500.00	29.34	500.00	500.00	500.00		
SALARIES 300.5170.010	264,761.01	266,697.80	253,018.03	258,025.00	274,611.23	276,740.00	276,740.00	281,471.49	284,325.00	285,480.00	285,480.00		
SOCIAL SECURITY 300.5170.012	15,827.66	15,657.04	14,949.49	15,998.00	16,230.91	17,158.00	17,158.00	17,001.04	17,640.00	17,700.00	17,700.00		
MEDICAL INSURANCE 300.5170.013	105,651.58	95,080.37	83,047.24	102,635.00	90,093.58	84,625.00	84,625.00	72,888.03	51,429.00	51,429.00	51,429.00	?????	
RETIREMENT EXPENSE 300.5170.014	20,845.74	21,843.63	19,481.19	21,560.00	20,981.23	23,785.00	23,785.00	21,643.07	22,310.00	22,385.00	22,385.00		
WORKERS' COMPENSATION 300.5170.015	6,699.96	6,699.96	5,024.97	6,700.00	6,699.96	6,700.00	6,700.00	6,699.96	6,700.00	6,700.00	6,700.00		
UNEMPLOYMENT TAX EXPENSE	334.62	1,165.38	1,381.60		1,381.60			1,473.82					
300.5170.016				2,409.00		2,640.00	2,640.00		2,860.00	2,860.00	2,860.00		
DENTAL INSURANCE 300.5170.017	1,455.22	1,461.88	1,398.32	1,536.00	1,525.44	1,536.00	1,536.00	1,533.39	1,728.00	1,728.00	1,728.00		
EDUCATION & CONFERENCES 300.5170.018	149.00	0.00	0.00	300.00	0.00	300.00	300.00	0.00	300.00	300.00	300.00		
MEDICARE EXPENSE 300.5170.029	3,701.49	3,661.72	3,495.32	3,745.00	3,796.02	4,015.00	4,015.00	3,976.27	4,125.00	4,125.00	4,125.00		
CONTRACTED FEES & SERVICES 300.5170.031	0.00	0.00	0.00	0.00	0			0.00	0.00	0.00	0.00		
FLOOR SUPPLIES 300.5170.039	4,591.59	2,685.44	1,195.32	6,700.00	2,795.41	4,000.00	4,000.00	4,097.66	4,000.00	3,500.00	3,500.00		
GENERAL OPERATING SUPPLIES 300.5170.052	41,227.21	36,057.44	34,901.32	42,000.00	37,625.57	42,000.00	42,000.00	42,861.57	42,000.00	42,000.00	42,000.00		
UNIFORM EXPENSES 300.5170.082	783.98	600.60	729.38	1,500.00	729.38	1,500.00	1,500.00	719.07	1,500.00	1,500.00	1,500.00		
EQUIPMENT REPAIR	0.00	0.00	0.00	300.00	0.00	300.00	300.00	0.00	300.00	300.00	300.00		
NEW EQUIPMENT	0.00 	0.00 	76.96 	0.00 	0.00 	1.00 	1.00 	0.00	1.00	1.00	1.00		
HOUSEKEEPING DEPART TOTAL	466,097.95	451,620.23	418,694.14	463,909.00	456,470.33	465,800.00	465,799.00	454,394.71	439,718.00	440,508.00	440,508.00		
PHYSICIANS AND PHARMACY 300.5180.018													
CLOSED ACCOUNT 300.5180.020	0.00	0.00	0.00	0.00	0.00	0.00	0.00	0.00	0.00	0.00	0.00		
EMPLOYEE PHYSICALS 300.5180.023	2,175.00	2,850.00	1,425.00	2.50000	1,425.00	2,500.00	2,500.00	1,885.00	2,500.00	2,500.00	2,500.00		
CONSULTANTS 300.5180.024	60,677.50	55,802.50	57,130.65	68,748.00	60,332.90	58,000.00	58,000.00	55,241.00	58,000.00	58,000.00	58,000.00		
DR. LEWIS 300.5180.034	12,000.00	12,000.00	9,000.00	12,000.00	12,000.00	12,000.00	12,000.00	12,000.00	12,000.00	12,000.00	12,000.00		
OXYGEN	16,019.96	19,633.00 	18,446.00 	18,000.00 	22,155.00	18,000.00	18,000.00	19,149.50	18,000.00	18,000.00	18,000.00		
PHYSICIANS AND PHARMACY TOTAL	90,872.46	90,285.50	86,001.65	101,248.00	95,912.90	90,500.00	90,500.00	88,275.50	90,500.00	90,500.00	90,500.00		
PHYSICAL THERAPY DEPARTMENT 300.5190.005													
OVERTIME 300.5190.009	1,382.21	720.27	696.48	500.00	696.48	500.00	500.00	347.39	500.00	500.00	500.00		
SALARIES 300-5190.010	94,028.90	95,767.71	89,731.29	93,675.00	97,492.48	95,390.00	95,390.00	97,341.25	95,950.00	95,950.00	95,950.00		
SOCIAL SECURITY 300.5190.012	5,791.77	5,737.44	5,356.20	5,808.00	5,813.05	5,915.00	5,915.00	5,708.42	5,950.00	5,950.00	5,950.00		
MEDICAL INSURANCE 300.5190.013	17,024.20	21,137.88	20,915.26	21,813.00	23,550.56	23,703.00	23,703.00	35,449.24	34,267.00	34,267.00	34,267.00		
RETIREMENT EXPENSE 300.5190.014	5,933.68	5,961.94	5,348.18	5,620.00	5,782.04	6,370.00	6,370.00	5,142.92	6,410.00	6,410.00	6,410.00		
WORKERS' COMPENSATION 300.5190.015	2,000.04	2,000.04	1,499.99	2,000.00	2,000.00	2,000.00	2,000.00	2,000.04	2,000.00	2,000.00	2,000.00		
UNEMPLOYMENT TAX EXPENSE 300.5190-016	88.80	314.38	376.80	657.00	376.80	660.00	660.00	376.79	660.00	660.00	660.00		
DENTAL INSURANCE 300.5190.017	381.36	381.36	505.29	575.00	552.96	576.00	576.00	571.13	576.00	576.00	576.00		
EDUCATION & CONFERENCES 300.5190.018	0.00	0.00	0.00	500.00	33.00	500.00	500.00	0.00	500.00	500.00	500.00		
MEDICARE EXPENSE 300.5190.023	1,354.55	1,341.84	1,252.67	1,360.00	1,359.52	1,390.00	1,390.00	1,335.12	1,395.00	1,395.00	1,395.00		
PHYSICAL THER. CONSULTANT 300.5190.030	0.00	0.00	0.00	0.00	0.00	0.00	0.00	0.00	0.00	0.00	0.00		
OPERATING SUPPLIES 300.5190.039	0.00	0.00	0.00	0.00	0.00	0.00	0.00	220.33	0.00	0.00	0.00		
SUPPLIES 300.5190.040	12,787.98	13,443.23	10,044.35	12,000.00	12,147.69	12,000.00	12,000.00	4,769.29	12,000.00	12,000.00	12,000.00		
PHYSICAL THERAPY - SKILLED	78,823.33	82,954,05	47,894.12	80,000.00	51,977.77	60,000.00	60,000.00	47,433.35	53,800.00	53,800.00	53,800.00		
PHYSICAL THERAPY - PART B 300.5190.052	274,780.21	250,674.62	186,289.14	225,000.00	213,281.59	215,000.00	215,000.00	120,213.29	121,800.00	121,800.00	121,800.00	?????	
UNIFORM EXPENSES 300.5190.082	375.00	125.00	250.00	375.00	250.00	375.00	375.00	375.00	375.00	375.00	375.00		
EQUIPMENT MAINTENANCE/REPA 300.5190.097	0.00	0.00	0.00	750.00	0.00	750.00	750.00	0.00	750.00	750.00	750.00		
NEW EQUIPMENT	0.00 	0.00 	0.00 	0.00 	0.00 	0.00 	0	0.00	1.00	1.00	1.00		
PHYSICAL THERAPY DEPT TOTAL	394,752.04	480,559.76	370,159.77	450,635.00	415,313.94	425,130.00	425,129.00	321,283.56	336,934.00	336,934.00	336,934.00		
RECREATIONAL THERAPY DEPT. 300.5191.005													
OVERTIME 300.5191.008	1,633.32	703.39	363.41	2,000.00	592.24	2,000.00	2,000.00	351.36	2,000.00	2,000.00	2,000.00		
BUS DRIVER PAYROLL 300.5191.009	19,079.55	21,017.08	19,464.00	20,304.00	21,158.87	21,420.00	21,420.00	23,181.21	27,375.00	27,375.00	27,375.00		
SALARIES 300.5191.010	239,161.80	247,538.55	236,016.68	262,450.00	256,857.60	275,240.00	275,240.00	268,735.76	272,250.00	273,060.00	273,060.00		
SOCIAL SECURITY 300.5191.012	14,984.93	15,865.01	15,061.66	17,534.00	16,406.41	18,395.00	18,395.00	17,299.83	18,580.00	18,630.00	18,630.00		
MEDICAL INSURANCE 300.5191.013	74,651.29	61,272.54	59,326.38	92,433.00	64,463.40	63,262.00	63,262.00	65,577.58	68,560.00	68,560.00	68,560.00		
RETIREMENT EXPENSE 300.5191.014	12,410.57	12,788.20	11,210.78	12,265.00	12,186.90	13,945.00	13,945.00	15,676.67	19,025.00	19,095.00	19,095.00		
WORKERS' COMPENSATION 300.5191.015	6,500.04	6,500.04	4,875.03	6,500.00	6,500.00	6,500.00	6,500.00	6,500.04	6,500.00	6,500.00	6,500.00		
UNEMPLOYMENT TAX EXPENSE 300.5191.016	310.42	1,083.77	1,449.75	2,190.00	1,449.75	2,860.00	2,860.00	1,494.56	2,640.00	2,640.00	2,640.00		
DENTAL INSURANCE 300.5191.017	1,320.65	1,257.36	1,247.81	1,536.00	1,355.22	1,536.00	1,536.00	1,370.27	1,536.00	1,536.00	1,536.00		
EDUCATION & CONFERENCES 300.5191.018	3,063.13	1,447.97	341.20	2,000.00	1,699.70	2,000.00	2,000.00	1,213.99	2,000.00	1,500.00	1,500.00		
MEDICARE EXPENSE 300.5191.038	3,504.55	3,710.47	3,522.49	4,101.00	3,836.99	4,305.00	4,305.00	4,045.92	4,350.00	4,360.00	4,360.00		
POSTAGE 300.5191.039	710.61	597.59	394.19	750.00	529.19	750.00	750.00	0.00	750.00	500.00	500.00		
GENERAL OPERATING SUPPLIES 300.5191.052	2,098.50	1,939.07	2,120.45	2,400.00	2,586.47	2,400.00	2,400.00	9,227.95	2,400.00	2,400.00	2,400.00		
UNIFORM EXPENSES 300.5191.057	1,000.00	709.99	0.00	1,125.00	125.00	0.00	0.00	0.00	0.00	0.00	0.00		
ACTIVITY SERVICES 300.5191.073	1,830.05	1,044.97	1,099.10	2,250.00	1,580.25	2,250.00	2,250.00	2,506.42	2,250.00	2,250.00	2,250.00		
BUS EXPENSES 300.5191.074	2,613.83	2,853.24	2,451.45	4,000.00	2,736.12	3,000.00	3,000.00	3,331.06	0.00	0.00	0.00		
ENTERTAINMENT 300.5191.097	4,637.04	4,589.72	4,246.34	5,500.00	5,031.77	5,500.00	5,500.00	3,482.39	5,500.00	5,500.00	5,500.00		
NEW EQUIPMENT	0.00	0.00	0.00	0.00	0.00	0.00	0.00	0.00	1.00	1.00	1.00		
RECREATION THERAPY DEPT. TOTAL	389,510.28	384,918.97	363190.72	439339	399,095.92	425,364.00	425,363.00	423,995.01	435,717.00	435,907.00	435,907.00		
SOCIAL SERVICES DEPARTMENT                            300.5192.009													
SALARIES                         300.5192.010	97,224.50	99,341.74	92,054.15	102,405.00	96,575.09	104,068.00	104,068.00	87,684.18	103,150.00	104,800.00	104,800.00		
SOCIAL SECURITY 	5,571.41	5,705.28	5,243.27	6,395-00	5,489.30	6,455.00	6,455.00	4,832.93	6,400.00	6,500.00	6,500.00		
MEDICAL INSURANCE 	20,145.19	26,703.72	27,212.24	29,116.00	29,189.81	31,640.00	31,640.00	31,963.85	40,292.00	40,292.00	40,292.00		
RETIREMENT EXPENSE 	8,880.38	9,111-33	8,100.78	9,105.00	8,590.79	10,220.00	10,220.00	8,740.31	10,130.00	10,290.00	10,290.00		
WORKERS` COMPENSATION 	200.04	200.04	149.99	200.00	200	200	200	200.04	200.00	200.00	200.00		
UNEMPLOYMENT TAX EXPENSE 	59.21	294.28	251.20	438.00	251.20	440	440	125.60	440.00	440.00	440.00		
DENTAL INSURANCE 	190.68	190.68	333.69	384.00	357.53	384	384	319.85	384.00	384.00	384.00		
EDUCATION & CONFERENCES 	285.00	394.00	179.00	500.00	229.00	500	500	310.00	500.00	500.00	500.00		
MEDICARE EXPENSE 	1,303.03	1,334.36	1,226.27	1,505.00	1,283.81	1,515.00	1,515.00	1,130.17	1,460.00	1,480.00	1,480.00		
OTHER FEES & SERVICES 	0.00	0.00	0.00	0.00	0.00	0.00	0.00	0.00	0.00	0.00	0.00		
OFFICE SUPPLIES 	73.51	9.28	41.99	100.00	79.45	100.00	100.00	42.90	100.00	100.00	100.00		
POSTAGE	429.97	84.43	72.98	450.00	97.98	450.00	450.00	0.00	450.00	450.00	450.00		
TRAVEL EXPENSE 	780.95	486.45	0.00	1,500.00	0.00	1,500.00	1,500.00	85.88	1,500.00	1,000.00	1,000.00		
NEW EQUIPMENT	0.00	0.00	0.00	1.00	0.00	1.00	1.00	0.00	1.00	1.00	1.00		
SOCIAL SERVICES DEPART TOTAL	135,143.87	14,855.59	134,865.56	152,099.00	142,343.96	157,473.00	157,473.00	135,435.71	165,007.00	166,437.00	166,437.00		
SPECIAL SERVICES DEPARTMENT          300.5193.029													
CRIMINAL RECORDS                       300.5193.054	1,200.00	2,300.00	2,175.00	1,850.00	2,150.00	3,000.00	3,000.00	2,000.00	3,000.00	3,000.00	3,000.00		
SPEECH THERAPY _ SKILLED 	23,992.01	21,286.79	33,007.51	25,000.00	37,343.50	37,000.00	37,000.00	46,180.79	46,000.00	46,000.00	46,000.00		
SPEECH THERAPY - PART B 	71,398.27	114,871.17	165,091.62	100,000.00	189,111.07	187,000.00	187,000.00	187,274.56	160,000.00	160,000.00	160,000.00		
OCCUPATIONAL THERAPY-SKILL 	60,343.53	72,834.64	41,636.37	67,000.00	47,965.93	45,000.00	45,000.00	78,303.67	62,400.00	62,400.00	62,400.00		
OCCUPATIONAL THERAPY-PART 	144,544.43	203,426.92	151,430.27	190,000.00	185,134.23	175,000.00	175,000.00	177,633.00	177,000.00	177,000.00	177,000.00		
LABORATORY - SKILLED	6,703.58	13,079.38	16,020.46	15,000.00	17,646.82	15,000.00	15,000.00	2,090.16	15,000.00	15,000.00	15,000.00		
LABORATORY - PART B	0.00	0.00	0.00	0.00	0.00	0.00	0.00	0.00	0.00	0.00	0.00		
RADIOLOGY - SKILLED 	5,917.15	6,077.50	5,306.69	5,000.00	5,553.94	5,000.00	5,000.00	1,414.70	5,000.00	5,000.00	5,000.00		
RADIOLOGY - PART B 	0.00	0.00	0.00	0.00	0.00	0.00	0.00	3,046.55	0.00	0.00	0.00		
EKG - SKILLED 	0.00	0.00	0.00	0.00	0.00	0.00	0.00	0.00	0.00	0.00	0.00		
EKG - PART B	0.00	0.00	0.00	0.00	0.00	0.00	0.00	0.00	0.00	0.00	0.00		
AMBULANCE - SKILLED 	403.00	0.00	1,978.58	2,000.00	1,978.58	2,000.00	2,000.00	0.00	2,000.00	2,000.00	2,000.00		
AMBULANCE - PART B 	0.00	0.00	0.00	0.00	0.00	0.00	0.00	0.00	0.00	0.00	0.00		
OTHER - SKILLED 	87.91	0.00	0.00	0.00	0.00	0.00	0.00	0.00	0.00	0.00	0.00		
OTHER - PART B 	0.00	0.00	0.00	0.00	0.00	0.00	0.00	0.00	0.00	0.00	0.00		
RESPITORY THERAPY 	1,483.25	973.75	178.13	4,800.00	178.13	4,800.00	4,800.00	0.00	4,800.00	4,800.00	4,800.00		
CHAPLAIN	1,950.00	0.00	0.00	0.00	0.00	0.00	0.00	0.00	0.00	0.00	0.00		
SPECIAL SERVICES DEPART TOTAL	318,023.13	434,850.15	416,824.63	410,650.00	487,062.20	473,800.00	473,800.00	497,943.43	475,200.00	475,200.00	475,200.00		
													
ENTERPRISE FUND TOTAL	10,578,092.80	11,324,286.82	10,420,322.62	11,761,302.00	11,629,121.07	12,137,099.00	12,137,095.00	11,774,242.26	12,243,170.00	12,214,949.00	12,214,949.00		
							($4.06)						
GRAND TOTAL	22,353,321.29	25,770,554.84	24,030,241.94	27,136,391.00	26,526,540.57	27,729,710.00	27,852,109.00	26,959,433.86	28,270,858.00	28,276,515.00	28,003,616.00		